Lower and Single Tier Authority Data,ITL3 regions ,,1998,1999,2000,2001,2002,2003,2004,2005,2006,2007,2008,2009,2010,2011,2012,2013,2014,2015,2016,2017,2018,2019,2020,2021
Alnwick,,Hartlepool and Stockton-on-Tees,38.82,40.78,41.95,42.88,44.45,45.53,47.18,49.16,52.76,55,56.44,61.76,..,..,..,..,..,..,..,..,..,..,..,..
Berwick-upon-Tweed,,South Teesside,40.89,42.63,44.16,45.04,47.29,47.84,49.16,50.3,55.93,58.34,60,58.56,..,..,..,..,..,..,..,..,..,..,..,..
Blyth Valley,,Darlington,41.8,44.11,44.64,45.33,45.92,47.82,48.61,50.25,53.11,54.82,56.27,58.46,..,..,..,..,..,..,..,..,..,..,..,..
Castle Morpeth,,Durham CC,40.54,42.15,43.81,44.35,45.61,46.66,48.28,50.03,53.88,56.28,52.65,59.95,..,..,..,..,..,..,..,..,..,..,..,..
Chester-le-Street,,Northumberland,40.95,41.01,43.08,44.37,45.62,45.9,47.68,50.36,51.35,53.74,54.12,55.09,..,..,..,..,..,..,..,..,..,..,..,..
County Durham,,Tyneside,..,..,..,..,..,..,..,..,..,..,..,..,61.09,61.57,66.87,69.84,73.53,75.61,74.42,73.25,72.69,72.09,71.46,73.5
Darlington,Darlington,Sunderland,43.77,45.19,46.09,46.97,48.31,49.92,51.27,53.74,56.52,58.76,61.17,64.32,67.65,67.75,70.89,75.21,78.49,80.72,82.32,80.87,80.27,79.55,78.83,80.04
Derwentside,,,43.5,45.23,46.42,47.47,48.73,49.27,50.5,52.39,54.98,49.78,53,56.6,..,..,..,..,..,..,..,..,..,..,..,..
Durham,Durham CC,,43.23,44.59,47.62,48.9,50.56,50.26,52.56,53.1,55.7,57.02,59.12,61.66,..,..,..,..,..,..,..,..,..,..,..,..
Easington,,Manchester,42.11,44.36,45.99,46.97,48.59,49.38,51.09,53.07,54.61,55.36,56.87,58.93,..,..,..,..,..,..,..,..,..,..,..,..
Gateshead,,,40.63,42.04,43.4,44.94,46.03,47.2,48.93,51.48,53.78,55.63,57.27,61.25,64.45,64.81,68.47,72.93,82.52,79.92,80.51,79.15,79.14,78.39,77.67,79.78
Hartlepool,Hartlepool and Stockton-on-Tees,,44.3,45.38,47.29,47.36,48.51,50.4,46.57,49.83,52.69,55.46,58.86,62.52,67.12,68.21,75.59,78.61,82.27,81.95,83.63,82.6,81.75,81.14,80.35,82.36
Middlesbrough,South Teesside,,43.95,46.25,46.93,47.99,49.77,51.48,53,52.45,55.37,56.53,61.32,65.31,69.52,69.84,73.58,77.8,81.97,86.16,87.75,86.76,86.12,85.18,84.36,86.69
Newcastle upon Tyne,,,39.2,40.41,42.48,43.59,44.84,45.86,47.77,49.64,52.23,53.19,55.74,60.74,64,65.05,68.9,71.12,76.78,79.08,79.54,77.97,78.46,77.6,76.77,78.75
North Tyneside,Tyneside,Blackburn with Darwen,40.51,42.63,44.01,45.67,47.16,48.28,49.99,52.16,55.46,57.28,58.91,63.36,67.04,67.8,71.14,75.34,83.26,84.64,83.65,81.82,81.93,81.17,80.4,82.65
Northumberland,Northumberland,Blackpool,..,..,..,..,..,..,..,..,..,..,..,..,62.25,63.14,67.79,69.98,72.7,77,77.54,76.49,75.38,74.6,73.97,76.03
Redcar and Cleveland,,Lancaster and Wyre,42,44.02,45.56,46.57,47.99,46.7,48.81,51.51,54.49,57.43,60.53,63.87,68.23,69.08,73.77,79.49,82.85,87.34,89.2,88.23,87.47,86.63,85.8,88.12
Sedgefield,,Mid Lancashire,42.53,43.98,45.92,46.82,48.28,49.73,51.1,53.85,55.96,57.19,58.84,60.71,..,..,..,..,..,..,..,..,..,..,..,..
South Tyneside,,East Lancashire,39.95,41.37,42.11,42.82,44.37,45.83,48.09,50.65,53.64,55.6,58.15,62.49,65.47,65.7,79.11,73.83,81.21,81.06,81.53,80.61,81.27,79.7,78.96,81.01
Stockton-on-Tees,,Chorley and West Lancashire,43.01,45.39,46.92,47.93,49.94,51.24,52.78,55.58,58.93,61.78,65.22,68.9,73.27,67.02,76.65,81.02,85.48,81.06,82.7,81.95,81.26,80.59,79.88,82.06
Sunderland,Sunderland,Warrington,41.49,43.02,44.65,45.58,45.23,46.44,48.39,51.51,54.81,56.47,58.98,61.78,65.15,65.89,69.8,73.91,77.17,79.49,81.13,80.43,79.61,78.84,78.04,80.12
Teesdale,,Cheshire East,46.7,49.22,51.17,52.57,54.18,55.37,56.17,57.88,59.34,61.1,63.03,65.28,..,..,..,..,..,..,..,..,..,..,..,..
Tynedale,,Cheshire West and Chester,47.35,49.45,41.1,42.33,44.31,45.75,47.23,48.94,50.26,53.91,56.07,59.96,..,..,..,..,..,..,..,..,..,..,..,..
Wansbeck,,East Merseyside,36.92,39.6,41.03,41.64,43.19,43.82,41.5,45.75,50.31,51.69,50.9,55.87,..,..,..,..,..,..,..,..,..,..,..,..
Wear Valley,,Liverpool,43.87,45.22,46.76,47.5,49.46,50.81,52.46,54.33,57.36,58.93,59.98,61.92,..,..,..,..,..,..,..,..,..,..,..,..
Allerdale,,Sefton,37.76,40.61,42.31,43.64,45.46,46.69,48.83,53.16,55.86,58.94,62.22,65.9,67.98,68.35,71.79,77.73,89.91,84.33,86.08,85.88,85.61,85.21,84.53,86.79
Barrow-in-Furness,,Wirral,41.6,45.15,47.13,48.08,50.11,51.38,53.11,57,62.35,64.19,66.27,68.64,71.48,70.63,72.59,76.57,79.12,82.32,83.9,81.25,80.4,79.08,78.69,80.8
Blackburn with Darwen,Blackburn with Darwen,"Kingston upon Hull, City of",44.99,47.31,49.79,50.51,52.68,53.15,54.6,57.69,59.86,61.09,62.9,65.18,67.9,67.9,70.63,74.57,76.9,79.64,81.2,79.85,78.81,77.9,77.12,79.2
Blackpool,Blackpool,East Riding of Yorkshire,46.85,48.83,50.53,52.58,54.82,55,56.53,64.11,62.89,65.82,67.9,67.85,72.88,72.35,76.64,80.31,83.72,86.48,88.21,86.37,86.46,85.64,84.9,86.95
Bolton,Greater Manchester North East,North and North East Lincolnshire,41.89,43.2,46.03,48.04,50.15,51.44,53.39,57.54,58.66,61.59,63.91,66.7,70.14,63.31,67.92,71.81,76.32,78.79,79.46,78.36,78.02,77.02,76.32,78.37
Burnley,East Lancashire,York,44.23,46.12,42.77,44.51,52.49,50.02,51.74,60.75,58.24,59.93,63.37,66.09,68.26,68.46,71.28,75.51,78.16,81.11,82.9,81.66,80.85,80.01,79.36,81.47
Bury,,North Yorkshire CC,42.07,44.62,46.81,48.81,50.48,51.33,53.34,56.25,58.98,59.83,62.57,66.3,69.68,69.47,72.6,76.66,79.17,82.09,83.88,82.65,82.34,81.59,80.84,82.65
Carlisle,East Cumbria,"Barnsley, Doncaster and Rotherham",43.76,44.97,46.1,47.73,49.38,46.58,47.41,51.37,53.78,59.4,59.93,68.67,69.65,71.41,75.89,76.35,80.13,82.3,85.14,82.81,81.87,81.06,80.34,82.58
Cheshire East,Cheshire East,,..,..,..,..,..,..,..,..,..,..,..,..,72.95,73.51,78.59,83.8,88.57,91.21,92.6,90.28,89.54,88.79,87.86,90.3
Cheshire West and Chester,Cheshire West and Chester,,..,..,..,..,..,..,..,..,..,..,..,..,73.33,74,78.86,85.2,91.67,93.08,95.12,93.33,92.59,91.96,91.89,93.29
Chester,,,43.71,46.56,49.26,41.49,44.83,46.13,47.74,51.25,54.22,57.39,61.51,66.18,..,..,..,..,..,..,..,..,..,..,..,..
Chorley,Chorley and West Lancashire,,41.89,45.45,46.56,48.46,50.04,51.84,52.8,55.21,57.49,53.96,55.82,59.36,63.71,64.46,69.17,75.04,77.34,80.68,82.47,80.26,80.87,80.18,79.5,81.66
Congleton,,,44.85,39.24,41.88,43.45,46.39,47.71,49.36,55.09,58.41,61.74,65.28,69.14,..,..,..,..,..,..,..,..,..,..,..,..
Copeland,,,38.05,39.36,40.99,42.11,44.11,45.37,47.6,49.13,52.21,54.86,57.78,62.44,67.34,68.13,73.13,79.38,91.93,84.78,86.62,86.25,85.9,85.26,84.74,86.96
Crewe and Nantwich,,,49.65,50.56,51.78,52.75,54.87,50.66,51.88,56.22,58.6,60.9,63.61,67.13,..,..,..,..,..,..,..,..,..,..,..,..
Eden,,,51.9,49.67,56.24,53.57,56.23,57.23,59.88,63.16,66.43,70.1,73.39,76.97,81.6,82.23,84.63,89.83,92.83,95.9,97.94,97.13,96.03,95.29,94.53,96.82
Ellesmere Port & Neston,,,39.55,44.12,45.98,47.27,49.31,50.52,51.71,57.11,59.65,65.89,67.54,71.37,..,..,..,..,..,..,..,..,..,..,..,..
Fylde,,,56.09,56.13,57.82,39.7,43.41,45.9,48.71,51.33,54.54,57.48,60.97,64.5,69.85,71.19,75.25,80.54,83.72,87.43,89.21,87.85,87.55,86.41,85.32,87.78
Halton,,,40.61,42.78,44.63,45.62,47.95,50.43,52.59,55.01,54.15,57.58,60.97,64.8,68.64,69.51,73.32,77.19,80.12,83.3,85.08,84.2,83.7,82.81,82,84.1
Hyndburn,,,47.6,47.04,49.67,50.61,52.75,54.12,54.97,59.47,54.75,55.68,57.96,60.71,63.81,64.76,68.19,72.26,74.84,77.81,79.32,78.19,77.54,76.62,75.76,77.78
Knowsley,,,42.81,43.25,45.13,45.96,47.95,49.49,50.93,54.92,55.72,58.3,61.22,65.28,69.89,70.36,74.74,81.39,83.86,83.99,86.11,85.41,84.53,83.49,82.72,84.93
Lancaster,Lancaster and Wyre,,43.03,45.15,47.33,48.67,50.84,51.74,53.44,57.46,61.38,64.27,66.37,67.99,70.96,70.63,74.04,78.21,80.7,83.89,85.93,83.88,83.49,83.5,82.96,84.54
Liverpool,Liverpool,,40.38,42.47,44.06,45.02,47.12,48.17,49.97,52.59,55.53,59.28,61.52,64.34,68.88,69.89,74.02,77.89,80.15,83.71,85.64,84.7,83.93,83.14,82.33,84.51
Macclesfield,,,43.89,45.33,46.78,48.06,49,50.63,52.55,56.12,58.72,60.99,67.28,68.91,..,..,..,..,..,..,..,..,..,..,..,..
Manchester,Manchester,,43.65,45.62,48.01,47.89,49.66,51.42,52.95,55.37,57.79,59.34,61.25,62.59,66.3,66.83,71.35,76.04,77.65,81.15,82.87,82.54,81.69,80.92,80.02,82.14
Oldham,,,42.84,44.49,46.73,47.37,49.37,49.79,50.14,54.21,57.76,59.16,61.98,65.37,68.59,64.83,66.3,71.38,78.45,83.28,79.22,77.95,77.19,76.48,76.1,78.17
Pendle,,,45.79,47.47,49.09,50.44,52.43,53.48,54.09,55.86,59.55,53.72,56.37,59.38,62.73,63.57,67.67,72.12,74.69,76.49,75.81,74.89,73.97,73.08,72.46,74.1
Preston,Mid Lancashire,,38.55,41.72,43.55,44.72,47.26,49.67,51.95,55.85,51.95,54.91,57.49,60.84,64.67,64.36,67.76,72.02,74.71,78.76,80.58,78.74,79.05,78.17,77.49,79.6
Ribble Valley,,,45.26,46.72,48.19,49.52,51.07,52.82,54,61.34,62.41,64.06,65.88,66.74,71.56,71.97,76.66,82.27,85.03,88.56,87.11,85.96,85.43,84.57,83.87,85.99
Rochdale,Greater Manchester North West,,42.66,44.69,46.9,48.2,49.89,52.13,53.41,55.18,58.07,61.23,62.96,65.91,69.92,71.02,72.19,67.62,71.52,75.6,77.27,76.53,76.14,74.86,74.36,76.33
Rossendale,,,40.82,42.55,44.17,45.81,48.42,49.37,51.22,56.21,53.34,55.84,58.04,61.13,59.3,60.54,68.33,67.45,70.17,75.27,75.88,74.85,74.17,73.38,72.71,74.53
Salford,,,40.58,41.13,43.88,45.25,46.88,48.57,50.63,53.62,58.83,60.4,63.07,60.1,64.76,65.64,69.89,74.3,76.65,78.36,79.69,79.26,78.51,77.26,76.95,78.97
Sefton,Sefton,,40.6,41.29,43.91,45.02,47.22,49.17,51.06,53.99,57.31,56.77,59.67,63.55,65.01,69.13,74.07,78.65,81.74,86.63,88.95,88,87.18,86.36,85.58,87.23
South Lakeland,West Cumbria,,53.95,53.97,56.67,56.62,58.44,59.1,60.02,64.77,66.78,69.08,72.13,75.56,79.78,80.85,85.73,82.13,86.66,91.82,93.81,92.62,92.2,91.4,90.47,92.96
South Ribble,,,40.54,42.86,45.65,47.74,60.34,54.26,55.6,59.98,63.25,65.7,68.3,71.34,74.96,73.96,77.34,82.11,84.77,87.74,89.5,88.69,87.85,86.87,85.86,88.16
St. Helens,East Merseyside,,40.6,42.88,45.43,46.29,47.6,50.56,52.19,53.8,56.47,59.28,62.11,66.36,71.53,72.67,77.29,82.38,85.26,88.95,90.88,89.88,89.02,88.05,87.16,89.48
Stockport,Greater Manchester South East,,42.32,44.48,45.72,46.67,48.52,50.07,51.91,57.08,59.76,61.71,64.28,65.73,69.3,69.85,73.32,77.81,80.85,84.01,84.91,84.42,83.63,82.96,82.09,84.05
Tameside,,,42.87,45.32,45.99,46.36,48.12,49.33,51.84,54.3,55.36,58.17,61.41,65.03,68.48,69,72.83,77.17,80.04,82.7,84.5,83.21,82.32,81.4,80.64,82.66
Trafford,Greater Manchester South West,,45.95,47.39,49.54,50.15,52.34,53.74,55.71,53.7,56.16,58.77,62.61,65.75,69.98,70.57,75.03,80.29,84.89,88.14,90.05,89.19,88,87.19,86.59,88.78
Vale Royal,,,49.61,51.52,52.85,53.62,55.97,49.98,50.78,56.1,59.14,62.27,66.8,70.08,..,..,..,..,..,..,..,..,..,..,..,..
Warrington,Warrington,,37.49,38.88,40.89,42.2,44.57,46.03,48.14,51.57,54.98,58.58,63.09,67.33,71.59,66.47,72.89,76.46,81.71,83.62,85.71,84.86,84.35,83.46,82.75,85.21
West Lancashire,,,44.74,45.41,46.81,48.61,50.31,52.01,54.53,59.66,63.33,67.88,68.13,72.27,76.41,76.96,80.95,84.38,86.89,90.82,95.58,92.11,93.25,91.49,90.51,93.2
Wigan,,,43.33,45.16,46.56,47.78,49.38,49.92,50.39,53.81,55.61,57.01,59.55,62.17,64.93,65.61,69.27,74.47,76.03,79.69,81.43,80.28,79.8,79.09,78.2,80.18
Wirral,Wirral,,39.84,42.64,45.21,46.11,48.48,49.98,51.49,54.1,56.33,58.78,61.64,64.97,68.64,70.27,75.02,80,82.91,86.47,88.04,87.37,86.47,85.63,84.73,86.93
Wyre,,,38.54,41.86,44.84,47.03,50.45,52.92,56.11,60.29,63.07,70.06,73.32,73.04,74.11,73.39,85.05,80.04,88.22,85.88,87.19,85.93,85.74,85.07,84.93,87.25
Barnsley,"Barnsley, Doncaster and Rotherham",,46.22,48.64,50.46,51.91,53.53,54.39,55.6,57.93,61.07,63.08,65.16,67.53,71.61,72.34,75.18,80.11,82.76,86.24,87.88,86.92,86.16,85.45,84.62,86.51
Bradford,Bradford,,43.41,45.57,46.98,48.68,50.24,44.11,45.69,49.09,51.27,52.55,55.16,60.38,63.21,64.3,68.85,73.52,76.12,79.35,80.91,79.47,79.14,78.23,77.61,79.72
Calderdale,Calderdale and Kirklees,,41.28,43.35,46.06,38.97,41.32,44.1,46.03,48.68,54.56,50.38,53.57,58.25,58.54,60.03,64.3,68.72,72.76,77.32,79.36,78.45,77.92,77.22,76.75,78.87
Craven,,,50.06,52.4,53.78,54.51,56.22,57.45,52.88,55.55,63.31,62.77,65.35,66.05,69.97,70.58,74.96,79.63,82.26,85.2,87.36,86.86,85.83,84.84,84.19,86.31
Doncaster,North Nottinghamshire,,47.13,49.27,49.94,50.86,52.04,53.33,54.5,55.13,57.54,59.58,62.08,64.72,68.18,68.24,71.93,76.28,78.67,81.95,84.55,82.77,82.01,81.17,80.43,82.49
East Riding of Yorkshire,East Riding of Yorkshire,,47.87,50.69,51.22,52.73,54.27,55.21,56.83,60.89,64.87,66.51,68.91,72.55,76.3,76.37,80.25,85.14,87.64,90.56,92.53,90.5,90.71,89.63,88.67,90.6
Hambleton,,,37.23,39.26,41.06,42.17,44.29,46.15,47.84,54.1,57.46,60.98,62.77,66.72,71.49,71.53,76.95,82.78,86.82,91.05,92.75,92.13,91.64,90.84,90.11,92.4
Harrogate,North Yorkshire CC,,47.84,49.85,52.09,53.48,55.46,57,58.53,61.41,65.19,67.7,71.08,74.15,77.88,78.14,82.96,88.02,91.35,94.96,96.54,95.67,95.73,94.62,94.51,97.66
"Kingston upon Hull, City of","Kingston upon Hull, City of",,41.88,45.08,46.82,48,49.72,50.9,51.95,54.8,55.92,58.52,60.98,63.63,66.95,66.89,70.65,73.59,76.92,79.85,81.81,79.23,82.05,80.99,80.93,83.03
Kirklees,,,45.37,47.75,50.08,51.63,53.18,54.37,56.23,59.45,63.64,65.13,66.8,70.36,72.75,73.21,75.83,80.96,83.47,86.23,87.53,85.94,85.27,84.59,84.02,85.86
Leeds,Leeds,,43.51,45.28,48.58,48.77,50.36,52.02,53.58,56.51,59.15,61.62,63.95,66.75,69.81,70.28,73.77,78.19,80.44,83.62,85.91,84.46,84.19,83.26,82.44,84.89
North East Lincolnshire,,,43.05,44.8,46.99,47.89,49.8,51.47,52.58,47.84,50.63,51.58,57.7,61.3,64.66,64.82,68.81,72.68,78.46,73.27,85.24,78.47,78.05,78.69,76.94,79.29
North Lincolnshire,North and North East Lincolnshire,,45.44,47.46,49.06,50.51,51.52,52.48,54.27,59.54,61.97,49.98,53.44,57.25,60.87,62.26,67.06,71.97,75.92,80.32,82.07,80.68,79.94,79.55,78.41,80.4
Richmondshire,,,56.25,57.64,58.88,59.95,61.32,62.45,62.68,65.21,67.86,69.38,71.5,74.15,77.47,76.58,80.36,85.4,88.12,91.67,93.74,92.26,91.71,90.84,89.91,92.28
Rotherham,,,41.98,44.24,46.25,47.88,49.72,51.02,52.14,54.95,57.95,59.3,62.01,64.68,67.8,67.41,70.97,75.54,78.18,81.53,83.38,82.4,81.3,81,80.5,82.61
Ryedale,,,43.47,46.56,48.91,50.16,49.92,51.06,54.01,60.05,67.94,66.45,69.77,72.96,77.31,77.61,80.88,86.34,89.01,91.93,94.63,90.97,90.16,89.43,88.81,91.05
Scarborough,,,52.73,54.56,56.32,57.29,59.14,60.03,54.63,57.05,57.37,59.66,62.59,65.98,70.02,69.93,74.17,78.89,81.54,84.6,86.24,85.38,84.36,83.45,82.62,84.84
Selby,,,50.01,51.7,52.21,53.85,54.75,55.55,57.21,59.77,63.64,64.78,67.38,70.5,74.04,74.4,78.62,84.54,86.57,90.16,91.93,91,91.68,91.95,91.49,93.91
Sheffield,Sheffield,,45.87,47.44,48.61,49.39,51.4,52.19,53.83,57.52,54.58,54.86,56.73,59.89,64.14,64.33,68.25,72.84,75.99,79.38,81.44,80.16,80.15,79.69,79.07,80.84
Wakefield,Wakefield,,44.96,47.26,48.72,49.49,51.17,52.2,53.95,45.15,48.31,51.2,55.05,59.22,63.34,65,69.84,75.55,78.97,82.81,84.66,83.77,82.86,82.16,81.4,83.57
York,York,,44.03,46.48,48.67,50.08,51.2,52.58,55.02,59.88,64.66,66.32,69.35,72.49,75.88,76.86,80.17,85.76,89.87,93.28,95.31,94.11,93.17,92.33,91.81,94.33
Amber Valley,,,49.28,51.35,52.86,53.82,54.04,46.76,47.75,54.35,57.55,60.67,64.4,67.8,73.1,73.19,77.63,82.62,88.41,90.9,90.4,89.71,89.56,88.74,87.76,90.23
Ashfield,,,48.75,50.46,52.23,53.02,55.23,56.87,56.45,60.5,62.11,63.43,66.19,68.88,72.05,72.21,76.01,79.5,83.31,86.18,88.04,87.04,86.63,86.03,85.14,87.36
Bassetlaw,,,49.29,50.85,53.24,54.52,56.1,56.6,57.12,59.48,62.98,65.17,67.59,69.95,73.45,72.61,76.04,80.01,83.42,86.71,88.77,88.24,87.61,86.68,85.79,87.54
Blaby,,,45.76,47.75,49.85,51.45,52.23,54.16,56.15,57.41,61.62,63.98,67,63.31,67.97,69.56,74.56,77.82,82.8,86.21,88.24,88.38,87.66,86.63,86.19,87.79
Bolsover,,,49.16,50.52,53.68,53.8,56.05,57.68,58.31,62.78,64.69,65.98,68.37,71.29,74.76,74.27,77.55,82.39,86.05,89.17,91.27,90.62,89.86,88.98,88.13,90.32
Boston,,,43.12,45.9,38.15,39.49,43.55,46.5,45.65,49.38,53.12,55.82,59.01,61.64,64.55,64.61,68.35,74.16,76.91,80.37,82.13,81.3,80.4,79.45,78.75,80.82
Broxtowe,,,46.74,48.31,49.74,50.9,51.61,52.84,54.05,55.84,57.83,59.08,61.54,64.52,67.71,67.4,70.86,75.3,78.16,80.63,82.43,81.23,80.85,80.17,79.19,81.2
Charnwood,,,46.29,48.6,50.46,51.45,53.51,54.64,55.87,59.09,61.01,63.69,66.86,70.24,74.74,76.36,80.37,85.1,88.44,92.04,94.03,93.47,92.09,91.05,90.32,92.68
Chesterfield,East Derbyshire,,46.2,47.44,48.33,49.07,50.88,51.61,54.69,58.94,61.47,63.32,66.24,69.37,72.85,73.02,76.48,81.35,83.77,86.8,88.99,88.25,87.17,86.78,85.89,88.12
Corby,North Northamptonshire,,54.22,56.95,56.21,55.26,56.4,57.07,58.56,60.13,61.98,64.31,66.84,70.6,74.95,72.5,80.88,84.53,88.02,91.02,92.15,91.28,91.24,89.82,88.95,91.33
Daventry,West Northamptonshire,,51.5,53,53.71,55.03,55.7,57.08,58.98,62.06,64.84,68.04,67.46,68.9,74.58,75.29,81.08,86.61,93.42,96.11,96.48,95.7,95.38,94.35,93.59,96.21
Derby,Derby,,47.39,48.06,49.64,50.25,51.57,52.6,54.68,57.6,59.87,61.09,64.02,67.1,71.28,72.28,76.57,81.99,84.96,88.19,89.95,89.15,88.51,87.91,87.43,89.96
Derbyshire Dales,South and West Derbyshire,,53.14,55.75,55.87,56.5,40.6,44.04,47.19,51.38,55.21,59.45,63.11,67.76,73.58,74.93,80.9,87.13,87.54,91.75,93.89,95.13,92.19,91.32,90.65,93.13
East Lindsey,,,46.95,39.03,42.18,43.56,45.92,45.21,46.74,51.3,54.07,57.2,61.31,65.1,69.25,69.44,73,77.7,80.21,83.43,85.26,84.26,83.31,82.5,81.64,83.84
East Northamptonshire,,,51.05,52.35,53.81,47.39,49.96,51.76,53.96,58.73,61.26,63.1,66.85,70.65,75.59,76.82,82.5,87.59,91.98,96.03,98.03,96.84,95.87,95.07,94.28,96.77
Erewash,,,52.53,54.56,56.02,56.58,41.74,46.03,48.32,49.28,55.55,56.47,60.51,65,70.21,71.29,75.88,81.18,84.54,88.36,90.42,89.71,88.66,87.64,87.32,89.67
Gedling,,,46.65,48.87,50.88,51.88,53.78,55.15,56.07,59.92,62.31,64.26,67.02,60.14,64.32,65.69,69.58,75.31,78.93,82.99,84.88,83.89,83.13,82.29,81.58,83.69
Harborough,,,54.28,56.51,56.61,57.6,59.33,60.74,61.55,64.73,66.6,69.32,71.85,68.98,73.23,77.67,78.89,83.48,88.39,89.72,91.87,90.78,90.09,89.08,88.46,90.75
High Peak,,,47.62,47.76,49.68,50.24,52.09,54.63,55.85,62.5,67.15,69.56,72.74,76.49,80.39,80.43,85.37,89.77,93.52,96.61,98.18,97.77,96.65,95.65,94.79,96.52
Hinckley and Bosworth,,,49.07,49.73,50.68,51.57,53.5,54.72,56.5,58.5,61.7,65.11,68.44,71.74,75.83,76.24,82.2,84.17,88.85,91.75,92.74,91.9,91.07,90.35,89.59,92.02
Kettering,,,48.96,49.39,50.19,51.11,50.79,54.2,56.1,59.42,62.51,65.23,68.26,72.2,76.27,77.12,82.77,86.75,91.61,94.41,95.56,94.22,93.29,92.44,91.58,94.01
Leicester,Leicester,,45.87,47.68,49.26,50.11,51.96,53.23,54.77,57.1,59.67,63,65.19,68.04,70.59,70.91,74.31,77.47,80.35,83.47,85.42,84.74,84.24,83.47,82.63,84.64
Lincoln,Lincolnshire,,43.94,46.15,48.25,49.46,51.7,53.62,54.78,56.56,57.95,59.48,61.5,63.45,66.29,67.58,70.24,74.46,77.81,80.92,82,80.42,81.12,80.34,79.4,81.46
Mansfield,,,49.41,51.6,53.06,54.23,56.43,57.26,58.1,60.74,62.1,63.62,65.36,67.47,70.45,69.34,71.61,76.26,78.83,81.85,83.62,82.3,82.12,81.21,80.46,82.49
Melton,,,51.11,50.77,53.76,55.32,56.66,57.75,59.98,64.95,67.03,68.59,71.15,74.74,77.44,78.11,80.79,84.67,88.46,91.65,93.17,93.04,92.38,91.05,90.32,93.26
Newark and Sherwood,South Nottinghamshire,,48.68,50.96,52.88,53.54,55.37,56.5,57.44,59.84,62.25,64.34,66.88,70.44,74.66,74.06,77.44,81.47,84.12,87.15,89.07,88.01,87.15,86.51,85.74,87.97
North East Derbyshire,,,43.32,44.72,45.33,46.35,49.13,51.65,53.96,57.5,60.01,62.68,65.14,68.34,72.31,72.71,76.17,82.81,85.74,89.64,91.79,91.07,89.95,89.22,88.62,91.03
North Kesteven,,,48.77,52.39,52.41,53.17,55.15,56.45,57.91,61.36,62.3,63.88,65.75,68.12,71.76,73.11,75.36,79.12,83.61,87.31,89.3,88.26,87.84,87.35,86.54,88.75
North West Leicestershire,,,48.12,49.66,52.13,53.15,54.77,56.2,56.97,58.68,60.45,62.04,65.06,68.02,72.06,72.54,76.65,76.86,84.06,87.01,89.02,88.5,87.98,87.06,86.08,88.11
Northampton,,,47.62,49.37,51.03,51.5,53.46,55.26,56.43,59.8,62.39,65.22,69.15,73.15,78.44,78.9,83.7,88.12,92.99,96.73,98.18,97.09,96.61,95.82,95.07,97.52
Nottingham,Nottingham,,47.41,48.71,50.16,51.25,52.78,54.3,55.31,58.81,60.91,62.93,65.29,68.11,71.96,72.07,75.08,80.48,81.89,84.42,86.17,85.39,85.23,84.57,83.68,85.82
Oadby and Wigston,,,49.01,50.9,52.53,53.54,55.69,56.37,58.25,61.12,66.35,69.89,71.41,74.34,77.89,79.08,81.66,85.57,88.49,91.81,93.91,93.27,91.79,91.27,90.2,92.61
Rushcliffe,,,48.87,49.91,52.57,53.03,55.32,53.05,50.65,52.03,54.58,58.9,62.74,67.36,72.99,74.76,80.05,86.79,91.14,95.69,97.93,97.11,95.24,95.12,94.11,96.85
Rutland,Leicestershire CC and Rutland,,49.74,51.37,53.01,53.86,56.03,57.22,59.32,62.44,64.98,67.76,70.35,74.3,69.6,71.59,76.66,82.95,87.22,91.4,93.54,90.6,89.74,89.04,88.28,91.1
South Derbyshire,,,53.91,56.42,58.38,59.18,60.99,62.57,62.88,64.91,65.98,67.58,70.56,73.83,76.55,77.22,81.71,86.62,89.33,93.23,95.5,93.32,92.87,92.26,91.54,94.07
South Holland,,,50.29,52.15,54.06,55.12,57.03,58.62,60.5,61.69,63.16,64.81,66.35,68.61,71.57,70.68,73.31,78.19,81.46,85.43,87.4,86.54,85.66,84.8,83.98,86.25
South Kesteven,,,45.64,46.75,48.43,49.88,51.45,52.79,54.82,59.07,59.9,63.1,65.9,69.41,73.39,73.51,76.87,81.29,84.59,88.16,90.16,89.04,88.32,87.57,86.91,88.98
South Northamptonshire,,,50,52.55,54.13,56.27,58.59,58.98,60.95,64.55,69.06,72.16,67.5,72.07,76.87,78.53,84.69,91.25,96.06,100.74,102.99,102.28,100.44,99.76,99.26,101.86
Wellingborough,,,44.39,46.89,48.41,50.06,51.69,52.71,54.96,59.84,62.44,64.64,58.93,63.54,68.53,69.31,73.34,78.38,81.23,84.39,86.36,85.34,84.65,83.82,81.88,85.56
West Lindsey,,,47.1,49.26,39.75,41.6,43.69,43.79,46.99,49.21,51.99,54.91,58.1,61.96,70.73,66.01,69.74,74.45,76.54,79.41,81.67,80.63,79.87,78.87,77.67,80.15
Birmingham,Birmingham,,45.65,48.09,49.33,51.21,53.13,55.05,57.02,59.93,63.54,65.91,68.96,72.43,76.21,76.99,80.93,85.55,89.13,92.48,95.05,94.34,92.81,92.41,91.47,93.74
Bridgnorth,,,49.78,51.6,52.86,54,56.17,57.61,58.59,61.48,63.03,64.68,67.34,71.25,..,..,..,..,..,..,..,..,..,..,..,..
Bromsgrove,,,51.36,53.17,53.67,54.04,55.68,57.31,53.24,56.83,58.61,61.1,64.3,68,72.62,73.27,77.5,82.73,86.64,90.78,92.91,92.31,91.75,91.2,90.53,92.8
Cannock Chase,,,47.87,50.38,51.65,53.19,55.41,56.95,58.17,60.77,63.46,65.52,67.93,70.8,74.32,75.06,78.12,83.16,86.52,90.32,91.89,91.56,91.61,90.22,89.71,92.1
Coventry,Coventry,,49.8,52.05,53.58,42.97,45.21,48.22,50.73,53.29,55.97,57.74,61.08,64.77,69.1,69.67,74.12,76.34,83.46,90.39,86.63,86.35,85.65,84.27,84.05,86.21
Dudley,Dudley,,47.44,50.23,52.41,54.01,55.59,57.16,58.77,62.21,65.11,67.3,69.99,73.55,76.71,77.92,81.43,86.69,90.23,93.77,95.98,94.87,94.05,93.21,92.15,94.34
East Staffordshire,,,44.9,46,47.02,39.78,41.8,43.77,45.28,48.16,50.41,53.46,56.54,61.08,65.42,66.61,71.24,75.85,78.87,82.05,83.61,82.89,82.07,81.48,80.67,82.81
"Herefordshire, County of","Herefordshire, County of",,44.6,47.39,49.83,51.71,55.38,48.43,50.65,54.96,57.77,60.31,63.55,67.69,72.51,72.78,77.13,82.65,85.89,89.85,91.83,90.83,89.92,89.56,88.27,90.6
Lichfield,,,40.81,43.86,46.69,49.59,51.68,54.21,55.54,59.53,62.53,65.24,68.11,71.21,75,74.25,77.66,82.45,85.26,88.49,90.23,89.34,88.67,87.87,87.09,89.65
Malvern Hills,,,46.08,48.18,51.81,53.6,59.73,55.4,58.14,63.29,66.51,69.3,72.74,76.33,80.81,78.79,84.41,89.77,92.8,96.59,98.78,97.5,96.57,95.68,94.68,97.41
Newcastle-under-Lyme,,,45.54,47.01,35.04,36.57,38.48,39.68,41.39,44.47,46.26,48.44,51.52,54.85,59.56,60.89,65.44,70.64,73.88,77.37,79.2,78.08,77.04,81.73,76.25,78.41
North Shropshire,,,44.31,45.84,47.26,48.48,51.44,51.98,53.79,57.56,60.91,62.6,56.76,61.72,..,..,..,..,..,..,..,..,..,..,..,..
North Warwickshire,,,51.53,54.52,56.29,57.68,58.98,60.65,61.9,64.99,68.11,70.62,72.03,75.29,81.11,81.71,86.81,91.5,94.74,97.89,99.92,99.02,97.96,97.37,96.13,98.65
Nuneaton and Bedworth,,,50.2,52.23,53.11,53.99,55.5,56.52,58.4,62.51,64.95,67.46,70.84,74.09,77.93,79.14,85.51,88.44,93.15,96.3,98.05,97.22,96.17,95.26,94.45,96.78
Oswestry,,,46.05,48.35,49.55,50.48,51.95,53.28,55.28,58.43,60.59,62.45,64.58,67.52,..,..,..,..,..,..,..,..,..,..,..,..
Redditch,,,45.91,47.58,49.38,50.34,52.66,54.49,56.59,59.2,61.42,64.19,66.79,69.74,73.33,72.54,76.22,80.81,83.76,87.16,89.22,88.61,88.06,88.8,89.38,92.1
Rugby,,,47.06,49.26,50.58,51.67,53.99,55.51,57.57,61.06,64.79,68.06,71.88,75.19,79.78,79.95,87.63,90.19,95.98,98.78,99.97,99.1,99.71,98.34,98.06,100.62
Sandwell,Sandwell,,48.54,50.79,53.15,54.59,56.25,57.48,58.76,61.6,64.39,66.09,68.62,71.46,74.07,75.23,78.11,83.02,86.17,89.21,91.29,90.61,89.96,89.11,88.09,90.17
Shrewsbury and Atcham,,,46.27,47.98,49.32,49.94,44.3,45.98,47.66,50.5,53,56.04,60.72,65.3,..,..,..,..,..,..,..,..,..,..,..,..
Shropshire,Shropshire CC,,..,..,..,..,..,..,..,..,..,..,..,..,71.33,71.8,76.44,81.77,85.23,88.37,90.55,89.36,88.42,87.63,87.07,89.01
Solihull,Solihull,,49.14,50.88,52.2,53.25,54.85,56.66,58.63,62.05,64.79,67.8,71.3,74.64,79.86,80.35,85.97,91.24,98.27,99.26,102.87,102.8,102.26,101.76,101.1,104.22
South Shropshire,,,44.38,46.74,49.32,51.45,54.34,56.9,58.29,61.52,63.52,66.62,70.21,72.64,..,..,..,..,..,..,..,..,..,..,..,..
South Staffordshire,,,41.47,44.05,44.66,46.03,48.82,51.43,53.27,58.13,60.9,63.79,66.84,69.63,75.89,76.66,77.7,82.67,85.45,90.19,90.74,89.2,88.68,87.82,85.64,89.35
Stafford,Staffordshire CC,,47.95,49.43,51.34,52.14,53.79,55.57,56.85,59.96,52.49,54.89,58.05,62.57,66.97,67.93,72.2,76.76,79.56,82.95,84.77,84.14,83.73,82.93,82.34,84.53
Staffordshire Moorlands,,,48.2,50.45,49.68,42.24,44.03,45.66,47.21,50.73,52.86,56.32,59.25,63.36,68.68,69.5,74.17,79.32,82.75,86.02,88.05,87.08,86.19,85.31,84.5,86.72
Stoke-on-Trent,Stoke-on-Trent,,45.1,46.93,47.66,45.73,46.97,48.68,50.04,50.89,53.27,58.78,60.64,62.78,65.52,65.89,69.97,73.23,75.94,75.84,78.06,77.17,77.61,75.88,75.29,77.04
Stratford-on-Avon,,,40.33,43.14,45.73,47.49,49.53,52.92,56.05,60.31,64.47,67.77,72.64,81.74,84.15,83.08,93.04,94.13,101.72,105.26,106.32,105.69,105.12,104.44,103.53,106.92
Tamworth,,,50.07,52.22,53.66,54.6,56.77,58.15,59.19,61.56,64.39,66.73,70.05,72.45,75.29,74.82,77.54,81.91,85.15,88.18,90.22,89.31,89.83,87.96,87.22,89.25
Telford and Wrekin,Telford and Wrekin,,50.85,52.65,46.29,48.16,50.66,51.92,54.6,57.69,60.54,61.64,64.19,68.14,72.64,72.88,77.45,82.61,87.4,89.64,92.19,90.93,89.67,88.74,88.07,90.6
Walsall,Walsall,,42.89,45.41,47.55,49.19,51.05,48.61,48.49,50.8,53.04,55.46,61.55,63.32,68.09,67.91,73.22,81.17,84.47,85.41,87.29,86.48,85.65,84.81,83.98,86.04
Warwick,Warwickshire,,41.47,44.05,46.05,47.87,49.32,50.89,53.29,58.97,62.34,65.59,70.53,76.35,81.99,82.87,89.48,92.96,97.84,101.89,104.18,103.54,103.85,103.85,104.01,107.18
Wolverhampton,Wolverhampton,,48.6,50.63,52.04,52.41,55.19,57.28,57.28,59.7,62.35,64.27,67.09,69.94,72.71,73.61,76.5,81.57,84.87,88.09,90.06,89.31,88.81,87.83,87.1,89.17
Worcester,Worcestershire,,47.44,48.33,49.37,50.15,53.36,54.01,47.74,51.67,55.07,57.92,61.57,65.39,69.52,69.02,74.44,79.29,82.62,86.82,88.83,87.71,87.13,86.15,85.43,87.74
Wychavon,,,43.22,45.76,47.8,49.03,55.58,54.42,58.28,60.65,63.37,66.58,70.03,73.68,77.96,77.08,81.7,87.12,90.05,94.18,96.19,95.35,94.55,93.58,92.76,95.41
Wyre Forest,,,48.99,49.26,42.63,43.74,46.65,48.65,49.73,53,56.5,59.52,63.28,67.38,72.31,72.62,77.26,82.39,85.3,88.74,90.8,89.34,88.41,87.52,86.63,88.89
Babergh,,,52.02,53.35,54.3,55.41,57.22,58.62,59.56,62.32,64.1,66.61,69.53,73.23,76.97,77.32,82.28,86.79,90.19,93.38,95.45,94.47,93.88,92.86,92.08,94.43
Basildon,Essex Thames Gateway,,57.83,60.44,63.83,65.63,68.11,69.12,69.47,73.6,76.45,77.8,83.88,86.51,92.55,92.67,94.36,99.87,104.87,109.58,110.5,111.9,108.78,111.45,110.52,111.59
Bedford,Bedford,,..,..,..,..,..,..,..,..,..,..,..,..,81.01,81.13,86.28,91.65,94.69,98.57,100.89,99.69,98.79,97.91,97.06,99.52
Bedford,Central Bedfordshire,,50.6,54.74,57.26,59.07,61.84,62.28,63.47,67.39,69.13,71.11,73.72,76.67,..,..,..,..,..,..,..,..,..,..,..,..
Braintree,,,60.4,63.58,64.5,65.24,66.87,66.32,68.72,72.5,74.94,77.72,68.69,73.45,78.66,79.42,84.24,89.85,92.98,102.9,98.67,97.71,96.83,95.88,94.91,97.4
Breckland,,,42.46,46.7,48.07,49.66,52.3,53.63,56.12,58.41,59.77,62.35,67.42,71.21,72.67,73.89,78.06,83.07,85.87,89.1,90.88,89.28,89.41,88.33,87.51,89.64
Brentwood,,,55.36,57.97,59.39,60.96,64.13,65.79,68.09,71.39,80.63,84.18,86.96,91.46,96.72,96.39,101.94,109.75,114.46,117.67,120.17,119.03,118.3,117.1,116,118.82
Broadland,,,46.37,49.53,52.16,53.72,56.01,57.26,58.44,61.39,63.83,66.36,69.32,71.42,76.43,77.18,81.37,86.35,89.48,92.83,94.86,93.8,93.64,91.92,91,93.18
Broxbourne,,,53.47,57.34,59.41,62.04,64.8,65.52,67.59,68.9,72.43,77.43,79.01,83.22,89.59,90.27,96.57,104.27,109.14,119.01,117.23,116.83,114.14,112.96,112.04,114.58
Cambridge,Cambridgeshire CC,,48.06,50.5,52.42,53.27,55.38,55.95,59.34,64.04,68.38,73.2,77.05,82.15,87.54,88.4,94.08,100.13,104.74,109.38,112.14,110.52,109.08,108.58,107.22,109.37
Castle Point,,,61.05,63.09,65.92,66,69.53,70.95,72.49,75.45,81.15,83.46,85.56,88.41,92.99,93.05,95.92,100,113.17,106.9,109.72,108.98,108.09,107.58,106.7,108.32
Central Bedfordshire,,,..,..,..,..,..,..,..,..,..,..,..,..,83.77,84.25,89.77,96.05,99.81,104.25,106.57,104.99,103.27,102.37,100.27,103.05
Chelmsford,Heart of Essex,,56.12,58.37,61.1,62.35,52.02,59.02,62.05,68.3,71.35,74.59,77.94,88.27,90.11,85.79,97.12,103.18,107.37,104.64,107.07,105.39,101.73,100.84,99.94,102.63
Colchester,Essex Haven Gateway,,63.61,65.3,66.87,68.58,71.55,71.11,71.5,74.24,76.1,78.03,80.75,83.79,87.44,86.92,91.67,96.89,99.67,102.88,105.25,104.22,103.48,102.33,101.8,104.41
Dacorum,,,55.78,58.16,59.93,61.17,64.23,66.49,69.06,73.88,77.42,80.75,84.92,88.77,94.24,94.57,100.67,107.56,111.62,116.99,119.33,117.96,120.99,116.28,115.12,118.14
East Cambridgeshire,,,43.32,47.19,49.55,50.71,52.97,57.97,57.3,62.99,66.5,69.89,75.08,78.15,92.07,91.29,97.27,94.91,98.39,101.29,104.44,103.34,102.35,101.33,106.44,103.01
East Hertfordshire,Hertfordshire,,60.62,62.5,62.91,62.73,61.12,61.99,64.19,68.55,73.88,76.33,80.61,84.77,91.05,92.42,98.87,105.87,110.2,115.59,118.33,117.71,117.64,115.39,114.26,117.27
East Suffolk,,,..,..,..,..,..,..,..,..,..,..,..,..,..,..,..,..,..,..,..,..,..,..,90.64,92.88
Epping Forest,,,62.67,66.93,67.92,69.36,71.95,73.9,75.71,79.79,83.11,86.99,90.05,93.96,99.2,99.82,104.57,111.6,116.48,120.96,123.03,121.79,120.61,119.49,118.44,121.56
Fenland,,,44.68,47.16,48.49,49.41,51.12,52.12,53.96,58.24,60.7,63.48,66.53,67.04,72.79,74.02,83.43,89.06,86.66,95.54,92.02,91.06,92.79,89.25,88.39,90.39
Forest Heath,,,48.24,47.82,48.91,49.91,51.83,53.15,54.48,52.87,56.94,60.66,64.6,71.57,74.25,75.21,79.64,84.93,87.96,91.41,93.25,91.64,91.53,90.65,..,..
Great Yarmouth,,,46.61,48.44,49.67,50.32,51.81,53.67,55.01,57.15,60.09,62.03,65.84,69.62,72.6,72.96,77.94,82.06,85.14,87.95,89.26,88.13,87.63,86.67,85.49,87.65
Harlow,West Essex,,60.36,63.17,63.73,64.4,65.42,66.5,66.67,69.94,72.83,72.21,77.42,80.78,85.46,85.84,89.63,94.73,101.28,105.01,105.07,103.27,103.01,101.54,100.09,102.38
Hertsmere,,,49.33,52.08,54.42,56.26,59.12,60.57,64.19,71.88,73.75,79.78,87.37,89.8,95.51,96.96,103.79,113.95,116.17,120.33,124.28,121.8,124.72,120.77,118.46,121.6
Huntingdonshire,,,47.24,49.66,49.76,51.97,53.51,54.63,56.75,60.17,63.29,66.52,70.21,74.23,79.1,79.6,83.68,88.93,91.94,95.47,97.61,96.6,95.88,95.01,93.75,96.32
Ipswich,,,42.68,43.68,45.48,46.91,49.12,50.72,52.66,56.13,59.23,62.03,64.28,67.47,71.53,72.26,77.17,81.58,85.21,88.29,90.28,89.34,89.4,88.61,87.82,90.12
King's Lynn and West Norfolk,,,46.54,47.7,49.21,49.39,51.62,53.37,54.89,59.21,61.46,59.57,62.71,62.64,66.64,67.02,76.18,77.75,81.06,83.91,85.76,84.44,84.31,83.13,82.31,84.58
Luton,Luton,,55.77,57.99,59.8,60.67,62.31,63.51,65.02,67.25,69.66,71.76,74.49,77.66,83.06,83.44,87.93,94.31,96.75,101.04,103.96,102.91,101.48,100.24,99.37,101.95
Maldon,,,55.5,57.94,60.55,61.93,66.47,66.6,67.39,72.19,75.24,78.29,81.75,85.25,89.69,88.72,90.6,96.32,99.55,103.37,105.59,104.27,103.44,102.35,101.49,104.35
Mid Bedfordshire,,,44.67,47.49,49.92,52.27,52.47,54.3,56.44,61.55,64.26,67.46,72.08,76.96,..,..,..,..,..,..,..,..,..,..,..,..
Mid Suffolk,,,49.97,52.61,53.69,54.46,55.86,57.11,58.26,63.33,65.39,67.7,70.39,73.8,77.1,77.88,82.39,86.87,90.06,93.39,95.59,94.59,93.82,92.91,92.23,94.51
North Hertfordshire,,,49.38,50.88,52.34,52.8,55.02,56.91,56.92,60.38,64.23,68.24,72.78,77.54,83.62,84.38,90.72,97.82,102.23,107.98,110.67,109.52,108.72,107.95,107.26,110.29
North Norfolk,North and West Norfolk,,52.25,54.22,55.13,55.73,57.15,58.59,59.18,61.26,52.33,55.88,60.14,64.26,68.83,70.26,75.68,81.21,84.98,88.85,91.73,89.53,87.41,87.11,87.03,89.33
Norwich,Norwich and East Norfolk,,44.3,45.76,47.85,48.75,50.23,51.58,53.4,56.42,59.98,62.67,65.94,69.38,73.04,73.25,78.07,82.45,85.94,88.98,90.57,89.63,89.57,87.99,87.2,89.37
Peterborough,Peterborough,,42.34,44.72,45.86,46.87,48.63,50.56,52.56,54.7,57.66,60.27,63.49,66.95,73.15,73.53,81.01,80.6,83.3,86.55,88.28,87.51,86.98,85.84,85.02,87.21
Rochford,,,59.32,61.82,64.04,66.2,67.75,68.25,68.4,75.03,76.72,78.28,69.76,74.21,79.55,80.01,85.06,91.45,95.63,99.85,102.1,101.06,99.98,99.17,98.3,100.77
South Bedfordshire,,,56.23,59.68,61.41,62.63,64.95,66.61,68.18,73,75.45,77.85,80.99,84.37,..,..,..,..,..,..,..,..,..,..,..,..
South Cambridgeshire,,,48.61,52.7,54.06,56.21,58.35,60.47,63.42,68.06,71.93,76.51,80.76,85.2,91.27,91.84,96.79,103.02,106.88,111.68,113.81,112.89,111.82,110.5,109.66,112.74
South Norfolk,Breckland and South Norfolk,,46.19,47.84,49.47,50.33,51.8,53.21,54.98,53.24,56.34,59.52,63.21,67.52,72.34,73.04,77.03,82.33,85.14,88.28,90.3,89.35,89.02,88.11,87.26,89.39
Southend-on-Sea,Southend-on-Sea,,55.15,57.03,59.64,61.64,64.63,65.45,66.28,68.11,70.7,75.41,78.09,80.68,83.18,82.23,86.35,91.18,94.02,97.28,99.6,98.98,97.87,97.13,96.75,98.44
St Albans,,,57.93,58.26,60.67,61.76,63.57,65.63,68.18,74.12,78.57,81.82,87.04,92.01,98.06,98.64,104.48,112.28,117.3,121.58,123.85,123.04,121.81,121.02,119.96,123.11
St Edmundsbury,,,45.87,47.95,49.29,50.52,51.95,50.92,52.77,56.22,59.3,61.4,65.63,70.2,74.98,74.97,79.96,85.2,88.03,91.31,93.19,92.16,91.42,90.52,..,..
Stevenage,,,48.66,52.24,54.64,54.57,59.15,60.92,63.36,69.64,73.35,76.93,80.15,85.76,90.96,92.23,97.74,104.23,108.57,113.45,116.07,115.26,116,112.62,111.44,114.34
Suffolk Coastal,Suffolk,,40.73,43.84,46.04,47.57,49.92,53.83,54.28,58.21,60.86,63.92,67.06,71.44,75.68,76.95,81.08,82.8,89.5,92.77,94.66,92.96,93.25,92.34,..,..
Tendring,,,55.68,58.83,60.82,62.32,64.46,65.38,66.84,70.35,76.06,77.81,79.86,82.32,85.91,84.66,88.36,93.74,96.93,99.63,101.82,99.32,99.76,99.82,98.96,100.58
Three Rivers,,,57.78,61.09,63.27,64.85,67.07,68.89,70.58,80.36,82.8,85.74,77.95,84.32,88.84,95.58,102.7,103.52,107.24,113.8,116.25,114.39,113.38,112.32,117.57,114.5
Thurrock,Thurrock,,60.21,63.01,63.54,64.71,66.55,67.52,67.92,69.2,71.28,73.42,76.76,79.94,85.71,86.55,89.56,95.29,98.52,103.27,107.25,105.6,102.89,102.69,105.95,103.89
Uttlesford,,,61.77,65.86,67.91,68.83,69.74,70.87,72.2,76.06,77.24,78.68,80.98,84.82,88.56,88.82,94.64,100.63,104.9,108.2,110.38,109.12,108.69,107.85,106.66,109.57
Watford,,,60.71,62.68,66.2,60.82,68.23,68.5,70.11,75.35,78.96,81.02,75.63,83.24,89.6,94.91,102.36,104.82,109.8,115.39,118.04,114.58,113.62,113.3,111.7,114.49
Waveney,,,47.89,48.93,50.55,51.31,53.01,54.43,55.77,59.46,61.65,64.57,67.17,71.27,74.62,74.89,79.08,83.52,86.59,89.52,91.21,89.92,89.94,89.13,..,..
Welwyn Hatfield,,,52.58,54.95,56.65,58.26,60.47,63.48,66.3,72.82,75.18,77.88,81.42,85.47,90.41,90.88,96.44,103.08,106.72,110.76,113.58,112.42,111.68,110.5,109.44,112.21
West Suffolk,,,..,..,..,..,..,..,..,..,..,..,..,..,..,..,..,..,..,..,..,..,..,..,89.7,91.77
Barking and Dagenham,Barking & Dagenham and Havering,,67.88,68.97,63.44,64.18,69.22,69.03,70.32,74.83,78.46,81.45,85.34,90.25,95.69,96.49,101.69,107.67,120.92,127.03,128.51,128.74,118.51,116.92,121.89,118.71
Barnet,Barnet,,61.88,63.81,65.72,67.7,69.32,70.82,74.55,79.3,82.68,85.84,90.09,95.1,101.56,103.17,109.79,117.53,123.29,127.16,132.13,130.39,127.68,127.97,125.98,128.78
Bexley,Bexley and Greenwich,,58.78,59.17,62.44,63.58,66.25,67.74,66.67,72.22,75.51,78.57,82.31,85.91,90.42,90.6,96.58,100.56,106.35,111.21,112.89,112.67,110.75,109.12,108.73,112.22
Brent,Brent,,56.21,59.78,62.34,62.39,65.61,68.34,71.77,77.22,79.14,83.61,89.14,94.08,100.36,101.46,106.78,113.71,118.15,123.16,136.19,133.96,125.6,133.71,130.62,127.79
Bromley,Bromley,,59.57,61.24,64.39,65.76,68.74,70.73,70.56,74.94,78.01,82.94,85.44,89.55,95.58,95.71,101.62,111.1,111.69,115.94,118.13,116.92,115.72,115.86,113.49,116.32
Camden,,,59.17,61.27,63.16,65.16,67.5,69.82,73.27,80.87,83.29,86.94,91.21,96.16,102.56,104.29,111.48,121.61,127.14,132.35,134.18,135.57,133.52,131.12,129.71,134.75
City of London,Camden and City of London,,51.44,52.77,55.52,56.93,58.7,61.88,65.72,72.2,73.52,86.48,82.51,88.98,95.88,96.45,104.55,112.93,115.56,124.46,126.67,126.93,126.83,126.59,126.18,128.55
Croydon,Croydon,,65.95,69.3,70.46,71.85,74.49,76.09,77.93,81.54,85.15,88.23,91.19,96.61,101.32,101.9,107.26,114.39,118.44,123.11,125.93,124.37,123.39,122.2,120.9,124.02
Ealing,Ealing,,59.2,60,62.65,63.68,66.47,69.28,72.51,77.96,83.26,85.34,89.64,95.7,101.73,102.76,109.03,116.43,120.94,126.27,132.57,132.16,126.92,130.55,125.74,129.21
Enfield,Enfield,,61.34,64.08,63.48,64.06,68.04,69.76,73.37,77.56,81.9,84.92,88.83,92.9,99.87,100.97,108.47,115.78,120.11,125.54,128.84,125.36,122.2,122.77,120.55,123.27
Greenwich,,,59.76,61.38,61.96,62.92,65.87,68.13,71.63,75.67,78.6,80.86,85.99,90.7,95.44,96.61,100.87,107.74,111.15,116.24,119.42,118.07,119.25,118.66,117.39,120.65
Hackney,Hackney and Newham,,55.88,57.37,59.7,59.83,62.65,64.64,67.55,72.12,75.46,78.48,83.09,89.43,94.42,96.49,105.39,110.95,115.58,120.24,123.55,122.84,120.01,119.13,119.7,121.41
Hammersmith and Fulham,Kensington & Chelsea and Hammersmith & Fulham,,53.43,56.09,58.07,59.74,62.08,64.69,68.08,73.27,77.07,81.3,87.27,92.03,99.15,101.78,107.68,115.31,121.13,128.17,130.66,130.06,128.68,128.56,128.31,130.44
Haringey,,,55.62,58.39,60.43,61.93,64.21,66.16,68.59,73.26,76.24,80.14,83.8,88.16,94.36,96.07,101.91,109.14,113.88,118.77,123.05,120.67,118.09,119.23,118.22,121.16
Harrow,Harrow and Hillingdon,,59.11,63.05,64.78,66.5,69.99,68.99,72.09,77.75,82.28,83.57,91.23,96.04,102.34,105.7,112.39,119.06,125.88,130.62,137.39,134.13,130.91,132.14,130.36,133.37
Havering,,,58.42,60.66,62.29,64.47,67.58,69.09,71.35,77.34,81.8,85.58,89.06,85.82,92,95.57,100.17,107.27,110.47,118.4,120.08,120.93,118.09,116.33,119.07,118.14
Hillingdon,,,59.14,61.44,64.05,65.81,68.29,70.96,73.52,78.86,84.08,87.45,91.75,97.12,102.39,102.57,107.96,115.68,119.76,123.78,126.37,126.02,124.13,124.44,121.89,125
Hounslow,,,61.53,65.85,67.01,66.96,69.49,70.92,73.92,78.16,81.07,84.78,89.01,93.83,99.53,100.04,106.55,113.46,118.07,123.24,126.84,125.32,124.35,123.32,122.25,125.61
Islington,Haringey and Islington,,54.41,57.38,60.08,59.16,61.98,65.36,67.81,71.52,75.49,80.2,84.47,90.29,96.82,98.9,105.8,113.54,118.8,124.59,127.4,126.78,124.99,124.74,125.63,128.61
Kensington and Chelsea,,,50.34,52.88,54.55,55.97,58.33,61.35,64.86,70.03,74.42,79.22,83.32,88.9,96.03,97.23,105.57,111.88,118.05,123.35,126.69,125.92,126.92,126.37,125.09,128.78
Kingston upon Thames,"Merton, Kingston upon Thames and Sutton",,60.01,60.42,61.66,62.83,66.51,68.35,71.5,80.29,83.79,87.53,92.02,97.37,103.39,104.89,111.13,118.99,124.45,129.32,132.81,131.2,130.61,127.33,127,130.28
Lambeth,Lambeth,,51.48,54.62,56.87,58.22,61.14,63.51,65.58,69.61,72.72,75.6,80.54,84.61,91.11,93.04,99.16,106.77,111.51,116.9,119.46,118.65,117.78,117.27,116.47,119.78
Lewisham,,,52.33,54.6,57.13,59.33,61.78,63.41,67.52,71.41,74.86,78.59,79.54,82.6,87.76,87.92,92.75,100.63,103.94,109.18,111.79,110.48,109.91,109.47,107.96,110.96
Merton,,,61.35,62.92,63.9,66.78,68.7,70.44,72.94,76.79,81.28,84.42,88.05,92.95,86.75,92.61,97.1,105.01,109.76,113.38,116.11,115.12,113.69,113.27,114.3,117.14
Newham,,,58.83,61.16,63.92,64.35,67.39,68.28,71.37,76.42,79.78,82.39,86.72,90.83,95.83,96.79,104.34,110,128.89,134.52,141.18,139.87,119.38,118.63,121.7,121.12
Redbridge,,,62.67,65.59,67.8,67.29,71.25,73.99,74.72,81.56,83.73,87.44,91.6,98.62,103.02,103.37,108.14,114.62,124.95,129.59,132.16,131.33,124.73,124.38,122.43,125.25
Richmond upon Thames,Hounslow and Richmond upon Thames,,58.34,59.84,60.45,64.44,64.82,67.93,69.73,73.38,76.9,80.44,84.56,89.07,95.12,96.24,104.77,108.68,114.08,119.1,123.25,122.82,122.68,120.13,120.06,123.56
Southwark,Lewisham and Southwark,,52.81,55.72,58.22,59.68,62.02,64.49,67.75,72.26,76.66,80.81,85.01,90.42,97.01,98.37,103.93,110.52,116.32,120.96,123.58,122.47,122.33,121.65,120.51,123.69
Sutton,,,55.6,57.94,60.36,62.01,65.1,67.17,68.97,75.63,79.24,82.46,84.75,92.03,97.64,98.21,103.13,110.15,114.68,118.96,119.89,119.7,117.52,117.09,115.73,118.9
Tower Hamlets,Tower Hamlets,,55.7,58.25,58.11,60.54,63.61,66.82,70.05,74.03,75.74,78.09,82.92,87.43,94.41,96.78,103.63,111.11,115.73,122.78,126.31,125.85,124.92,124.19,123.84,126.71
Waltham Forest,Redbridge and Waltham Forest,,58.59,61.62,64.63,66.78,67.85,68.94,70.85,74.27,77.61,80.4,84.3,88.73,94.14,95.46,101.79,110.27,117.86,120.6,122.91,122.04,116.74,116.49,117.35,118.32
Wandsworth,Wandsworth,,58.76,61.21,63.14,64.34,66.52,69.26,72.39,77.65,81.36,86.06,89.7,94.9,102.29,103.76,110.84,119.12,121.88,127.45,134.56,131.24,128.38,128.01,127.91,131.04
Westminster,Westminster,,55.43,58.59,60.44,62.6,64.66,67.25,71.34,76.15,80.31,85.33,90.11,95.96,103.17,104.23,109.77,117.42,122.03,127.97,141.51,130.12,130.46,140.33,129.08,132.97
Adur,,,56.8,60.44,63.87,64.96,67.87,69.27,65.18,78.99,80.16,83.02,85.8,89.89,94.01,93.48,98.47,105.77,108.39,112.71,115.17,110.35,109.04,108.24,110.93,113.78
Arun,,,58.86,62.06,63.75,65.22,67.15,68.67,70.53,74.59,77.38,79.75,82.37,85.83,91.02,92.08,98.1,103.73,105.78,109.5,112.13,109.7,108.96,107.82,107.39,110.5
Ashford,,,61.71,64.19,65.62,66.9,68.91,70.89,70.58,73.83,75.77,76.66,78.87,81.01,83.95,83.96,87.01,93.47,97.01,101.1,102.79,101.37,100.73,99.73,99.03,101.67
Aylesbury Vale,,,59.26,62.66,65.17,66.08,69.3,71.26,73.5,77.4,80.09,70.28,78.11,79.02,84.77,85.45,92.51,97.03,100.08,104.94,106.3,105.53,104.64,103.77,103.74,..
Basingstoke and Deane,North Hampshire,,55,58.62,60.73,63.09,65.08,67.38,69.89,75.13,80.66,82.38,85.16,88.71,93.69,93.93,98.45,106.04,110.22,113.44,115.9,115.32,112.98,112.79,111.12,113.84
Bracknell Forest,,,54.47,56.72,58.71,60.58,62.46,64.8,67.4,73.23,76.2,80.42,76.85,82.12,88.07,88.89,94.37,101.68,105.46,109.81,111.85,110.73,109.86,108.58,107.5,110.38
Brighton and Hove,Brighton and Hove,,55.79,57.93,58.36,59.85,62.21,63.09,64.52,67.3,69.98,72.35,74.44,77.16,80.56,80.11,84.47,89.92,92.72,96.32,100.04,97.1,100.11,94.53,94.37,96.87
Buckinghamshire,Buckinghamshire CC,,..,..,..,..,..,..,..,..,..,..,..,..,..,..,..,..,..,..,..,..,..,..,..,111.74
Canterbury,,,53.32,55.16,56.75,59.1,63.1,65.08,65.7,68.52,74.37,75.99,78.55,82.19,86.82,86.76,92.19,96.3,99.77,103.78,105.64,104.11,103.55,103.27,101.76,104.35
Cherwell,,,46.47,49.25,52.33,55.96,58.41,58.91,59.55,64.8,68.2,71.17,76.3,79.33,84.99,90.42,96.17,97.65,101.36,105.08,107.69,106.72,105.67,104.48,107.4,106.2
Chichester,West Sussex (South West),,59.43,61.42,63.06,55.25,58.26,60.3,62.02,65.49,68.57,72.12,78.95,85.81,91.39,92.29,97.08,104.05,101.64,105.68,114.65,101.87,105.64,104.87,102.66,106.9
Chiltern,,,53.61,55.49,58.14,59.73,63.07,65.95,69.27,73.82,77.38,80.16,83.83,87.79,92.81,92.76,97.43,103.39,107.01,111.56,114.27,112.16,111.47,110.25,109.29,..
Crawley,West Surrey,,55.83,58.75,60.16,61.72,64.06,64.69,66.96,75.52,77.58,81.03,83.95,88.05,91.75,90.39,92.57,99.72,102.85,107.16,109.4,108.65,107.46,110.98,109.56,112.75
Dartford,Kent Thames Gateway,,58.37,62.19,63.82,65.47,67.41,68.08,70.71,72.29,74.15,77.68,79.68,82.42,86.77,87.97,90.94,99.92,103.72,108.09,111.02,109.67,108.66,107.99,106.57,109.35
Dover,East Kent,,56.04,58.57,60.55,60.59,62.98,65.08,65.84,70.49,71.99,71.53,75,76.02,78.7,77.7,81.39,84.18,87.69,90.91,92.69,90.72,90.32,89.35,89.08,91.44
East Hampshire,,,55.93,58,60.26,62.18,65.4,68.28,70.82,75.81,79.17,82.4,86.24,90.16,94.4,97.61,98.77,106.51,111.05,115.88,118.05,116.9,115.71,114.8,113.47,116.51
Eastbourne,East Sussex CC,,56.58,57.99,58.84,60.74,63.89,64.86,64.91,70.52,73.73,74.8,76.91,79.8,83.01,82.28,85.29,89.93,93.58,97.05,98.2,94.21,95,93.91,92.94,96.16
Eastleigh,,,56.29,58.15,62.22,63.16,65.32,67.35,69.2,74.23,76.88,80.2,83.1,86.79,91.62,91.23,94.31,100.57,105.63,108.52,110.94,109.71,108.77,107.44,106.59,109.42
Elmbridge,,,56.82,58.99,58.4,60.04,63.18,65.58,68.57,73.75,78.09,82.77,87.27,92.25,98.7,100.11,107.58,115.11,119.86,126.08,128.97,127.68,126.5,125.65,124.79,128.48
Epsom and Ewell,,,52.14,52.37,56.72,58.71,60.81,63.61,66.63,74.64,78.23,83.35,86.49,90.9,96.85,97.88,105.17,110.27,114.19,118.14,120.87,119.78,118.68,121.38,119.91,123.46
Fareham,,,60.88,62.45,64.02,65.03,67.28,68.8,69.83,74.26,76.85,78.4,81.45,85.99,90.42,89.61,92.55,100.62,104.25,107.75,110.09,108.15,107.23,102.54,104.9,107.58
Gosport,,,68.63,69.47,68.72,68.67,70.81,72.32,69.71,72.43,75.55,76.51,79.98,83.08,86.5,83.7,87.71,93.14,97.39,99.96,101.84,99.56,98.69,97.67,97.38,99.82
Gravesham,,,54.99,58.04,60.09,61.09,63.13,65.08,66.5,69.88,71.42,80.03,81.33,83.05,87.72,88.98,93.53,98.45,101.69,106.05,108.46,107.96,106.86,107.03,105.55,107.01
Guildford,East Surrey,,60.66,63.14,65.35,66.94,68.7,70.79,73.46,78.16,81.75,84.53,88.53,93.74,99.67,100.89,106.77,115.12,123.29,125.92,127.35,126.46,125.1,124.75,122.53,126.1
Hart,,,50.29,58.4,58.38,60.48,63.4,66.01,68.1,77.34,77.77,85.13,89.41,90.64,95.35,95.39,100.81,112.18,116.75,117.67,119.53,118.33,117.09,116.3,114.95,117.88
Hastings,,,47.61,50.51,53.03,55.37,57.77,59.88,63.1,68.86,72.3,71.2,73.44,77.36,81.87,82.15,84.85,87.44,89.13,90.55,89.81,88.79,87.9,86.98,86.23,87.5
Havant,,,57.06,60.46,58.16,59.85,62.91,64.65,66.67,73.01,75.62,78.31,81.24,84.91,89.28,87.56,92.32,98.68,102.49,105.79,108.36,107.24,106.31,105.18,104.24,106.98
Horsham,West Sussex (North East),,59.1,61.07,62.64,63.15,65.69,67.77,69.59,74.3,77.6,79.84,83.03,87.15,91.73,92.24,96.71,103.05,106.58,111.84,114.36,112.89,112.02,110.82,109.73,112.61
Isle of Wight,Isle of Wight,,53.99,57.91,61.01,62.56,65.41,66.55,67.43,70.28,72.28,74.65,77.26,79.98,83.6,82.75,86.12,88.32,88.91,90.16,90.75,89.27,88.61,87.72,87.16,89.55
Lewes,,,52.8,54.7,57.59,58.36,60.33,61.01,62.44,66.01,67.41,69.2,71.56,75.14,78.44,78.3,83.48,88.2,90.91,94.56,96.3,93.17,92.54,91.6,92.61,95.03
Maidstone,Mid Kent,,64.29,66.63,66.95,68.02,70.18,72.73,58.68,62.12,64.57,66.92,70.26,74.11,78.77,78.61,83.39,88.62,91.29,95.96,97.73,97.37,96.3,96.79,94.84,97.5
Medway,Medway,,62.32,64.07,65.09,65.63,67.74,68.32,69.6,71.36,74.95,75.93,77.4,80.7,84.22,84.16,89.33,93.89,97.64,101.42,102.8,100.98,101.2,100.47,98.59,101.21
Mid Sussex,,,62.01,66.27,68.66,70.3,67.85,69.38,70.92,75.88,79.28,82.93,86.59,91.01,96.41,101.02,101.92,111.18,112.47,116.54,119.14,117.85,117.08,115.47,114.62,118.32
Milton Keynes,Milton Keynes,,54.22,56.29,56.63,57.71,59.58,61.14,62.73,65.83,68.3,70.86,73.9,77.37,82.33,82.15,87.11,92.38,95.8,99.62,101.76,99.38,100.26,98.83,97.84,100.2
Mole Valley,,,60.28,61.91,63.29,64.57,67.32,69.1,71.48,77.03,84.13,88.74,74.25,80.14,86.48,87.72,93.73,101.45,105.6,111.48,114.73,113.34,113.76,112.22,110.92,113.73
New Forest,South Hampshire,,58.69,60.98,62.87,63.9,66.26,67.85,69.73,74.03,76.73,79.3,82.66,86.37,91.93,92.52,96.75,103.28,107.74,112.62,115.09,114.1,112.78,112.16,110.73,113.74
Oxford,Oxfordshire,,51.69,54.52,56.03,57.72,61.48,62.32,65.14,72.36,77.53,81.38,82.55,87.41,94,93.87,99.04,105.26,109.1,113.2,114.54,113.63,112.7,111.81,112.45,114.81
Portsmouth,Portsmouth,,55.97,58.89,60.6,61.61,63.55,65.89,66.49,69.69,72.22,74.54,77.29,80.71,84.66,83.32,86.68,92.67,96.18,99.17,101.53,99.13,98.27,97.43,97.53,100.16
Reading,,,58.85,63.47,63.83,65.12,67.19,69.33,71.22,76.53,80.32,82.83,86.93,92.23,97.08,97.35,102.98,109.69,114.09,118.87,121.11,118.78,117.81,116.81,116.31,119.26
Reigate and Banstead,,,62.47,63.1,64.28,65.55,65.13,66.51,67.76,72.45,75.84,78.87,81.95,87.25,93.45,94.74,101.05,108.51,113.04,118.17,121.02,119.6,118.73,117.66,116.83,119.59
Rother,,,54.74,59.45,61.51,62.79,62.42,64.58,65.85,69.37,71.89,74.25,74.67,80.16,82.78,82.59,86.94,91.69,94.65,97.54,99.02,97.4,96.41,95.44,95.11,97.11
Runnymede,,,53.94,59.67,62.09,62.76,62.19,67.2,72.72,79.06,81.74,85.2,88.52,94.4,98.91,98.9,104.05,111.64,115.72,121.19,126.82,123.38,120.41,119.72,120.03,121.62
Rushmoor,,,54.38,57.08,59.23,60.93,58.53,62.83,65.96,71.66,76.15,79.58,82.91,87.41,92.59,91.14,96.07,103.18,111.19,112,113.86,113.43,111.56,110.36,109.23,112.2
Sevenoaks,West Kent,,56.05,58.66,60.95,61.88,64.22,65.1,65.42,69.53,72.53,75.41,79.02,82.83,87.59,87.96,93,102.57,103.24,109.64,108.96,108.77,107.78,106.3,105.28,108.05
Shepway,,,55.06,57.16,59.18,60.49,62.76,63.61,64.94,67.03,70.01,72.04,73.98,76.43,79.52,79.66,84.63,88.12,92.12,94.93,96.79,94.85,94.79,94.16,93.3,95.79
Slough,,,63.06,64.65,67.28,69.12,71.86,70.55,72.35,76.95,79.13,85.78,89.41,94.63,101.2,99.67,106.33,111.62,116.34,120.74,123.44,122.04,121.61,119.9,118.75,121.79
South Bucks,,,50.67,56.08,59.74,63.58,66.24,67.9,68.98,75.21,75.95,79.4,84.16,89.5,95.67,96.71,100.99,108.63,113.36,119.12,121.34,119.93,118.81,117.7,116.57,..
South Oxfordshire,,,59.51,57.37,58.91,60.79,63.6,64.51,66.57,72.62,75.56,78.81,82.61,86.77,91.98,91.91,97.33,103.69,107.03,111.16,113.36,112.33,111.33,110.41,109.55,112.64
Southampton,Southampton,,53.24,55.78,57.75,58.22,61.09,63.35,64.68,70.32,73.6,76.41,79.74,82.63,87.98,89.16,91.37,97.38,101.46,105.72,108.04,106.69,105.77,104.59,103.38,106.17
Spelthorne,,,60.3,63.55,66.01,67.84,71,69.56,71.81,75.15,80.91,82.4,87.53,92.4,98.55,97.55,102.38,108.78,112.31,116.65,119.25,117.98,116.64,115.83,114.45,117.53
Surrey Heath,,,48.85,52.71,56.43,57.35,60.43,63.4,66.37,71.28,75.06,78.3,82.16,86.83,92.48,93.07,100.06,103.97,107.45,111.67,114.22,114.24,112.37,111.26,110.44,112.45
Swale,,,55.64,59.83,63.15,65.2,67.71,68.11,70.11,74.8,77.12,79.38,82.54,84.13,87.19,84.9,85.95,91.34,94.32,97.82,100.24,99.18,98.21,97.47,96.31,98.91
Tandridge,,,57.51,60.57,62.43,64.7,67.63,71.15,73.03,78.32,82.35,88.17,89.49,93.33,100.07,100.35,106.19,113.42,118.45,123.82,126.79,125.57,124.49,123.91,122.13,124.96
Test Valley,,,56.2,56.79,49.97,52.07,55.99,58.03,58.68,60.43,65.59,72.15,72.13,77.08,82.85,84.52,90.34,97.01,101.41,106.8,109.07,107.95,106.84,106.78,104.55,108.99
Thanet,,,49.06,51.94,54.24,57.5,58.65,60.55,63.37,65.56,68.78,71.08,74,76.68,78.89,77.22,84.15,85.73,90.66,93.2,93.8,92.57,92.22,91.07,90.29,92.79
Tonbridge and Malling,,,51.52,54.68,57.93,58.79,62.33,64.96,65.61,70.06,73.78,77.14,81.28,85.66,91.07,91.61,97.06,102.96,107.4,113.5,116.33,115.17,114.73,113.1,112.11,115.1
Tunbridge Wells,,,56.63,61.9,64.1,65.48,68.26,69.84,72.54,75.94,78.22,80.68,84.07,87.18,92.34,91.96,101.06,102.59,106.8,110.61,113.01,112,110.91,109.77,108.77,111.74
Vale of White Horse,,,44.64,47.42,50.02,52.19,59.18,58.16,61.24,65.67,69.7,73.68,77.79,82.26,86.43,87.96,93.81,100.39,104.32,108.91,110.96,109.29,107.67,106.78,105.64,108.39
Waverley,,,58.22,61.33,63.05,63.93,65.12,67.42,67.88,74.52,80.14,82.49,86.19,91.55,97.04,97.66,102.47,111.16,115.65,118.74,120.65,119.45,118.23,117.6,115.89,119.13
Wealden,,,59.13,58.89,62.31,63.59,65.7,66.81,67.06,70.54,73.14,75.3,77.29,80.2,83.94,86.52,91.13,96.59,102.45,105.01,105.84,104.96,103.84,102.68,101.63,104.22
West Berkshire,,,50.47,54.46,57.83,59.55,62.44,65.11,65.85,71.97,75.73,79.95,84.84,89.99,96.03,96.44,101.98,109.14,113.59,118.31,121.07,118.8,117.42,116.54,115.91,119.18
West Oxfordshire,,,48.57,53.55,56.09,52.11,54.82,56.88,59.03,62.92,66.23,70.07,74.26,78.94,83.37,85.12,90.51,98.69,103.72,109.26,111.92,110.48,109.83,108.81,107.99,111.26
Winchester,Central Hampshire,,57.35,60.16,61.94,63.08,65.81,67.19,69.31,75.46,79.04,81.86,84.96,89.29,95.56,94.21,98.59,104.75,108.65,113.39,116.06,114.86,113.87,112.67,111.61,114.87
Windsor and Maidenhead,Berkshire,,60.65,63.78,66.7,68.03,70.28,72.72,74.86,79.7,82.94,86.8,90.72,94.06,99.15,100.82,104.01,111.08,115.67,121.38,123.94,123.02,121.78,120.53,119.66,122.69
Woking,,,61.04,63.8,64.55,66.05,68.54,71.37,73.18,78.98,83.11,89.19,91.86,97.66,103.13,102.76,107.23,115.37,119.71,125.12,127.59,124.37,125.2,127.85,128.72,132.01
Wokingham,,,62.46,65.6,68.08,69.11,73.08,74.26,77.43,85.81,89.1,91.56,94.98,99.28,103.74,104.32,109.08,115.62,120.88,127.05,130.31,129.08,129.33,130.73,129.29,132.7
Worthing,,,56.37,49.97,52.81,54.6,56.51,58.06,60.35,63.67,66.82,70.04,73.54,77.41,82.3,82.01,86.85,93,96.85,101.36,103.59,102.04,101.4,100.35,99.77,102.55
Wycombe,,Isle of Anglesey,60.52,62.86,65.17,66.59,68.21,70.35,70.94,76.33,80.67,83.23,86.38,90.63,95.74,95.29,97.98,106.94,109.71,115.34,118.68,116.47,115.35,114.28,113.21,..
Bath and North East Somerset,"Bath and North East Somerset, North Somerset and South Gloucestershire",Gwynedd,52.01,41.74,43.57,45.38,48.1,49.95,51.99,57.28,61.15,64.57,68.6,73.37,78.18,78.61,83.8,88.98,94.5,105.73,102.38,101.07,100.25,99.15,98.51,101.89
Bournemouth,,Conwy and Denbighshire,58.89,61.21,62.07,63.19,66.16,67.38,67.67,71.65,73.8,76.86,79.92,82.62,86.15,85.73,89.77,96.49,99.33,103.57,105.1,105.47,102.8,103.12,..,..
"Bournemouth, Christchurch and Poole","Bournemouth, Christchurch and Poole",South West Wales,..,..,..,..,..,..,..,..,..,..,..,..,..,..,..,..,..,..,..,..,..,..,102.42,105.12
"Bristol, City of","Bristol, City of",Central Valleys,49.13,51.75,54.34,55.63,57.42,59.34,60.97,63.95,65.99,68.14,71.26,75.14,78.73,79.27,83.58,88.06,92.03,95.88,98.66,97.41,97.83,96.7,95.79,98.27
Caradon,,Gwent Valleys,52.53,55.02,54.66,55.39,57.52,58.54,59.78,61.62,63,64.55,66.51,69.47,..,..,..,..,..,..,..,..,..,..,..,..
Carrick,,Bridgend and Neath Port Talbot,50.61,52.53,51.38,52.67,54.72,56.06,57.31,60.55,62.49,64.23,66.59,69.82,..,..,..,..,..,..,..,..,..,..,..,..
Cheltenham,,Swansea,46.94,50.1,52.27,53.58,55.93,57.81,59.9,63.63,65.71,68.49,71.15,74.87,79.3,79.15,82.72,88.16,90.98,94.71,96.9,96.09,95.48,95.48,93.98,96.16
Christchurch,,Monmouthshire and Newport,51.9,54.83,56.9,58.47,61.35,63.03,64.63,68.16,71.21,72.33,79.64,83.07,88.24,88.06,92.59,98.46,102.36,106.33,108.69,107.42,106.68,105.24,..,..
Cornwall,Cornwall and Isles of Scilly,Cardiff and Vale of Glamorgan,..,..,..,..,..,..,..,..,..,..,..,..,73.02,72.55,76.15,80.53,82.78,85.67,86.91,85.16,83.77,83.94,82.22,84.2
Cotswold,,Flintshire and Wrexham,56.26,57.92,60.67,61.29,63.9,65.9,67.26,70.46,73.05,76.02,80.8,83.16,87.88,86.35,91.21,96.65,99.93,103.96,106.06,105.08,104.13,103.16,102.22,105.09
Dorset,Dorset,Powys,..,..,..,..,..,..,..,..,..,..,..,..,..,..,..,..,..,..,..,..,..,..,96.9,100.17
East Devon,,Aberdeen City and Aberdeenshire,52.39,53.92,54.76,55.46,57.51,58.6,59.95,62.18,64.3,66.73,70.04,73.49,76.42,76.76,81.89,87.08,90.34,93.74,96.13,95.24,94.45,93.33,92.42,94.62
East Dorset,,Caithness and Sutherland and Ross and Cromarty,47.56,50.55,52.83,54.23,57.32,59.43,61.54,67.27,69.47,72.69,76.73,80.57,84.88,84.45,88.15,93.94,99.32,100.72,102.59,101.54,100.83,99.81,..,..
Exeter,,"Inverness and Nairn and Moray, Badenoch and Strathspey",48.63,49.96,50.67,51.71,53.09,54.47,55.4,58.19,59.88,61.97,65.29,67.9,71.69,71.69,75.68,80.26,83.02,86.53,89.42,88.62,88.56,87.29,86.67,89.34
Forest of Dean,,"Lochaber, Skye and Lochalsh, Arran and Cumbrae and Argyll and Bute",49.58,52.01,53.64,54.83,56.76,57.62,51.05,55.75,58.41,60.78,64.06,68.75,74.24,75.47,80.82,86.78,90.8,94.85,96.81,95.33,94.08,93.39,92.21,94.75
Gloucester,Gloucestershire,Na h-Eileanan Siar,49.81,54.93,57.09,58.46,60.81,62.06,63.01,64.31,67.31,67.57,70.52,74.97,79.74,80,83.27,88.75,91.95,84.56,86.48,87.15,85.85,89.67,84.28,86.87
Isles of Scilly,,Orkney Islands,0,0,0,0,0,0,0,0,0,0,0,0,77.35,79.95,84.51,90.15,94.65,100.82,104.09,103.46,99.91,99.27,98.41,100.02
Isles of Scilly,,Shetland Islands,45.91,47.37,45.54,46.69,48.67,50.09,53.56,53.85,58.74,62.51,73.63,76.51,..,..,..,..,..,..,..,..,..,..,..,..
Kennet,,Angus and Dundee City,49.53,51.96,54.37,56.22,59,61.21,62.63,65.72,68.28,71.08,74.38,77.95,..,..,..,..,..,..,..,..,..,..,..,..
Kerrier,,Clackmannanshire and Fife,49.47,46.24,47.7,48.96,50.81,52.86,53.25,57.08,60.1,63.31,65.93,70.15,..,..,..,..,..,..,..,..,..,..,..,..
Mendip,,East Lothian and Midlothian,49.77,52.42,55.12,47.5,49.65,51.71,53.71,57.4,60.2,62.77,65.58,69.83,74.03,75.1,79.89,85.34,88.84,93.38,95.37,94.28,93.42,92.58,90.58,94.28
Mid Devon,Devon CC,City of Edinburgh,50.26,53.46,53.18,54.47,55.72,56.78,57.99,61.88,63.98,65.79,68.25,70.75,73.71,73.51,77.43,82.01,84.76,87.34,89.58,88.3,88.67,88.19,87.38,88.54
North Cornwall,,Falkirk,51.04,52.39,52.12,52.71,54.26,55.61,56.32,58.53,60.56,62.71,64.89,67.63,..,..,..,..,..,..,..,..,..,..,..,..
North Devon,,Perth and Kinross and Stirling,47.94,49.32,51.49,49.87,55.68,53.83,59.41,60.54,62.98,65.3,68.09,70.1,72.43,72.6,74.88,79.33,81.95,84.99,86.76,85.6,84.81,84.06,83.54,85.92
North Dorset,,West Lothian,49.15,52.04,56.27,58.15,61.18,63.34,63.69,68.19,71.2,74.27,77.74,81.35,86.22,85.88,90.23,95.26,98.68,97.18,104.19,103.1,102.11,100.06,..,..
North Somerset,,"East Dunbartonshire, West Dunbartonshire and Helensburgh and Lomond",51.7,53.94,55.73,56.47,58.76,60.65,61.95,66.07,62.93,65.84,68.96,72.69,76.82,77.17,81.48,86.45,90.73,95.46,97.46,95.24,94.23,93.65,92.59,94.96
North Wiltshire,,Glasgow City,52.02,51.75,54.18,55.97,58.02,60.32,61.13,64.05,66.16,69.01,72.43,75.3,..,..,..,..,..,..,..,..,..,..,..,..
Penwith,,"Inverclyde, East Renfrewshire and Renfrewshire",44.15,46.81,50.07,52.52,55.46,56.85,60.59,61.1,63.79,65.18,67.29,69.66,..,..,..,..,..,..,..,..,..,..,..,..
Plymouth,Plymouth,North Lanarkshire,45.15,47.47,48.02,48.91,50.96,52.15,52.76,55.39,57.74,59.31,62.92,63.15,60.25,58.38,61.91,66.1,69.94,73.96,76.62,76.06,75.85,75.06,74.33,76.55
Poole,,Scottish Borders,56.85,58.72,60.25,61.47,63.59,66.12,66.44,70.24,73.25,78.04,78.89,81.82,85.73,85.56,88.67,95.32,99.62,103.25,105.67,104.03,103.53,102.01,..,..
Purbeck,,Dumfries and Galloway,58.93,60.91,62.03,62.98,65.35,66.63,61.19,64.53,67.63,70.79,74.71,78.74,83.73,84.18,89.9,96.41,101.63,103.57,105.76,104.91,103.6,102.55,..,..
Restormel,,East Ayrshire and North Ayrshire mainland,52.73,53.96,48.03,49.62,51.82,55.26,54.83,59.16,61.77,63.53,66.36,69.19,..,..,..,..,..,..,..,..,..,..,..,..
Salisbury,,South Ayrshire,62.29,63.04,65.16,66.29,68.65,70.77,72.28,75.54,77.54,80.03,83.05,86.47,..,..,..,..,..,..,..,..,..,..,..,..
Sedgemoor,,South Lanarkshire,57.11,58.76,60.23,60.93,62.1,62.51,62.9,64.23,65.58,67.44,72.04,72.01,75.65,76.21,80.65,86.09,88.74,92.46,94.5,93.55,91.89,91.29,90.14,92.68
Somerset West and Taunton,Somerset,Belfast,..,..,..,..,..,..,..,..,..,..,..,..,..,..,..,..,..,..,..,..,..,..,94.26,96.86
South Gloucestershire,,"Armagh City, Banbridge and Craigavon",57.37,60.34,60.58,61.1,63.98,65.38,66.54,69.67,73.42,63.04,66.9,71.17,76.32,80.73,82.25,92.73,90.81,101.34,98.7,97.83,97.52,96.96,97.02,100.58
South Hams,,"Newry, Mourne and Down",52.01,52.8,53.92,55.41,57.53,59.14,59.65,63.76,66.21,68.22,70.84,73.53,77.38,77.77,81.26,86.92,90.32,94.26,96.39,93.73,92.77,93.26,92.45,94.73
South Somerset,,Ards and North Down,54.59,45.95,48.12,49.62,49.83,51.35,52.66,56.78,60.07,63.59,67.16,71.29,76.07,76.26,80.65,85.99,88.92,92.5,94.56,93.59,92.59,91.7,90.8,93.22
Stroud,,Derry City and Strabane,53.36,55.23,57.56,58.48,60.85,61.68,63.92,67.7,69.72,71.97,74.3,77.71,82.06,81.98,85.76,92.36,95.1,99.05,101.07,99.84,98.94,97.87,97.51,99.88
Swindon,Swindon,Mid Ulster,47.28,49.51,50.79,52.86,55.44,56.74,58.57,64.9,67.54,69.53,72.8,76.63,80.81,81.5,86.03,91.24,94.28,97.94,100.31,98.63,96.92,96.03,95.6,98.33
Taunton Deane,,Causeway Coast and Glens,51.94,54.29,55.99,58.08,60.18,61.68,62.6,65.82,68.23,70.29,72.34,75.12,79.04,79.27,83.31,88.37,91.77,95.86,98.38,97.37,96.1,95.13,..,..
Teignbridge,,Antrim and Newtownabbey,51.38,51.97,53.86,54.5,55.69,56.92,57.31,59.86,61.77,63.54,67.38,67.94,71.59,71.16,75.12,80.65,84.15,87.87,89.76,88.84,86.82,85.86,85,87.32
Tewkesbury,,Lisburn and Castlereagh,49.58,46.07,48.74,50.91,53.62,54.56,56.88,60.4,63.55,66.63,70.42,73.92,78.94,79.43,82.28,87.82,90.51,94.98,97.13,96.28,95.68,94.84,94.02,96.48
Torbay,Torbay,Mid and East Antrim,50.91,50.69,52.4,51.9,51.34,52.41,54.31,57.09,60.95,63.43,67.41,69.72,71.95,77.15,80.46,82.23,85.09,88.4,90.13,89.78,88.34,88.93,88.92,88.77
Torridge,,Fermanagh and Omagh,49.36,51.13,50.45,51.53,53.67,54.8,55.95,60.1,62.21,64.89,64.03,65.26,69,68.66,72.25,77.22,79.01,83.03,87.06,84.08,83.85,82.68,81.97,84.18
West Devon,,Flintshire and Wrexham,51.45,47.7,48.03,49.22,50.89,51.83,53.66,57.32,59.51,61.6,64.54,67.27,70.59,72.69,76.28,81.03,83.87,86.84,88.58,91.89,90.87,90.82,84.94,87.13
West Dorset,,Powys,53.63,50.13,53.65,53.69,55.97,58.23,60.8,66.53,68.92,72.16,75.47,79.09,83.64,83.27,87.77,93.18,96.18,99.63,101.89,100.9,99.85,98.87,..,..
West Somerset,,Aberdeen City and Aberdeenshire,52.17,54.37,56.78,58.46,61.38,62.04,62.81,64.01,65.94,68.43,72.19,75.77,80.34,80.36,84.86,90.05,93.08,96.64,98.69,97.62,96.5,95.47,..,..
West Wiltshire,,Caithness and Sutherland and Ross and Cromarty,51.69,54.66,57.54,54.99,55.8,57.84,60.17,65.89,68.45,69.31,72.66,76.29,..,..,..,..,..,..,..,..,..,..,..,..
Weymouth and Portland,,"Inverness and Nairn and Moray, Badenoch and Strathspey",54.53,56.58,47.25,48.65,53.2,52.8,54.85,55.9,59.76,62.39,66.29,69.18,74.1,75.07,80.17,86.05,94.46,93.72,96.04,95.1,94,93.23,..,..
Wiltshire,Wiltshire,"Lochaber, Skye and Lochalsh, Arran and Cumbrae and Argyll and Bute",..,..,..,..,..,..,..,..,..,..,..,..,81.66,81.92,86.54,92.22,96.07,99.82,101.82,101.06,99.89,99.16,97.56,100.54
,,Na h-Eileanan Siar,,,,,,,,,,,,,,,,,,,,,,,,
,,Orkney Islands,,,,,,,,,,,,,,,,,,,,,,,,
,,Shetland Islands,,,,,,,,,,,,,,,,,,,,,,,,
,,Angus and Dundee City,,,,,,,,,,,,,,,,,,,,,,,,
,,Clackmannanshire and Fife,,,,,,,,,,,,,,,,,,,,,,,,
,,East Lothian and Midlothian,,,,,,,,,,,,,,,,,,,,,,,,
,,City of Edinburgh,,,,,,,,,,,,,,,,,,,,,,,,
,,Falkirk,,,,,,,,,,,,,,,,,,,,,,,,
,,Perth and Kinross and Stirling,,,,,,,,,,,,,,,,,,,,,,,,
,,West Lothian,,,,,,,,,,,,,,,,,,,,,,,,
,,"East Dunbartonshire, West Dunbartonshire and Helensburgh and Lomond",,,,,,,,,,,,,,,,,,,,,,,,
,,Glasgow City,,,,,,,,,,,,,,,,,,,,,,,,
,,"Inverclyde, East Renfrewshire and Renfrewshire",,,,,,,,,,,,,,,,,,,,,,,,
,,North Lanarkshire,,,,,,,,,,,,,,,,,,,,,,,,
,,Scottish Borders,,,,,,,,,,,,,,,,,,,,,,,,
,,Dumfries and Galloway,,,,,,,,,,,,,,,,,,,,,,,,
,,East Ayrshire and North Ayrshire mainland,,,,,,,,,,,,,,,,,,,,,,,,
,,South Ayrshire,,,,,,,,,,,,,,,,,,,,,,,,
,,South Lanarkshire,,,,,,,,,,,,,,,,,,,,,,,,
,,Belfast,,,,,,,,,,,,,,,,,,,,,,,,
,,"Armagh City, Banbridge and Craigavon",,,,,,,,,,,,,,,,,,,,,,,,
,,"Newry, Mourne and Down",,,,,,,,,,,,,,,,,,,,,,,,
,,Ards and North Down,,,,,,,,,,,,,,,,,,,,,,,,
,,Derry City and Strabane,,,,,,,,,,,,,,,,,,,,,,,,
,,Mid Ulster,,,,,,,,,,,,,,,,,,,,,,,,
,,Causeway Coast and Glens,,,,,,,,,,,,,,,,,,,,,,,,
,,Antrim and Newtownabbey,,,,,,,,,,,,,,,,,,,,,,,,
,,Lisburn and Castlereagh,,,,,,,,,,,,,,,,,,,,,,,,
,,Mid and East Antrim,,,,,,,,,,,,,,,,,,,,,,,,
,,Fermanagh and Omagh,,,,,,,,,,,,,,,,,,,,,,,,
