v1,datestring,v3,england,v5,northeast,northwest,yorkshireandthehumber,eastmidlands,westmidlands,east,london,southeast,southwest,v15,englandexcludinglondon,v17,Date,northeast_pred,northeast_error,northwest_pred,northwest_error,yorkshireandthehumber_pred,yorkshireandthehumber_error,eastmidlands_pred,eastmidlands_error,westmidlands_pred,westmidlands_error,east_pred,east_error,london_pred,london_error,southeast_pred,southeast_error,southwest_pred,southwest_error,england_pred,england_error
2005,01/01/2005,Jan,81.5,,86.099998,88.599998,84.900002,88,87.599998,85.400002,75.5,82.900002,82.900002,,85.099998,,01-Jan-05,90.575432,-4.4754333,89.749443,-1.1494446,87.688934,-2.7889328,86.805939,1.1940613,87.703957,-0.10395813,85.637718,-0.23771667,75.619049,-0.11904907,82.052963,0.84703827,83.75425,-0.85424805,81.815918,-0.31591797
2005,02/01/2005,Feb,81.599998,,86.400002,88.599998,85.300003,88.400002,87.699997,85.5,75.5,82.900002,83.400002,,85.300003,,01-Feb-05,90.653549,-4.2535477,89.845299,-1.2453003,87.80513,-2.505127,86.948418,1.4515839,87.825676,-0.12567902,85.780815,-0.28081512,75.805573,-0.30557251,82.216667,0.68333435,83.906677,-0.50667572,81.971718,-0.37171936
2005,03/01/2005,Mar,81.699997,,86.5,88.599998,85.400002,88.400002,87.900002,85.400002,75.5,83,83.5,,85.300003,,01-Mar-05,90.724098,-4.2240982,89.931885,-1.3318863,87.91008,-2.5100784,87.07711,1.3228912,87.935616,-0.035614014,85.910065,-0.51006317,75.974045,-0.4740448,82.364532,0.63546753,84.04435,-0.54434967,82.112442,-0.41244507
2005,04/01/2005,Apr,81.800003,,87,88.599998,85.599998,88.800003,88.099998,85.699997,75.599998,83.099998,83.699997,,85.5,,01-Apr-05,90.802208,-3.8022079,90.02774,-1.427742,88.026283,-2.4262848,87.219589,1.5804138,88.057335,0.042663574,86.053169,-0.3531723,76.160568,-0.56056976,82.528236,0.57176208,84.196777,-0.4967804,82.268242,-0.46823883
2005,05/01/2005,May,82,,87.199997,88.699997,85.699997,89.300003,88.300003,86,75.599998,83.400002,84,,85.800003,,01-May-05,90.877808,-3.6778107,90.120506,-1.4205093,88.138733,-2.438736,87.357475,1.9425278,88.175125,0.12487793,86.19165,-0.19165039,76.341072,-0.74107361,82.686661,0.71334076,84.344292,-0.34429169,82.419014,-0.41901398
2005,06/01/2005,Jun,82.099998,,87.400002,89,86,89.400002,88.400002,86.300003,75.599998,83.5,84.300003,,86,,01-Jun-05,90.955917,-3.5559158,90.216362,-1.216362,88.254929,-2.2549286,87.499954,1.9000473,88.296844,0.10315704,86.334747,-0.034744263,76.527596,-0.92759705,82.850365,0.64963531,84.496719,-0.19671631,82.574814,-0.47481537
2005,07/01/2005,Jul,82.300003,,87.5,89.099998,86.199997,89.599998,88.599998,86.900002,75.699997,83.699997,84.5,,86.199997,,01-Jul-05,91.031509,-3.5315094,90.309128,-1.2091293,88.367378,-2.1673813,87.63784,1.9621582,88.414642,0.18535614,86.473228,0.42677307,76.708099,-1.0081024,83.008797,0.69120026,84.644226,-0.14422607,82.725586,-0.42558289
2005,08/01/2005,Aug,82.5,,87.599998,89.199997,86.400002,89.699997,88.900002,87.199997,76,83.800003,84.800003,,86.400002,,01-Aug-05,91.109619,-3.5096207,90.404984,-1.2049866,88.483582,-2.08358,87.780319,1.9196777,88.536362,0.36363983,86.616325,0.58367157,76.894623,-0.8946228,83.172501,0.62750244,84.796654,0.003349304,82.881386,-0.3813858
2005,09/01/2005,Sep,82.699997,,87.900002,89.400002,86.699997,89.800003,89.099998,87.400002,76.199997,84,85.099998,,86.599998,,01-Sep-05,91.187729,-3.2877274,90.500839,-1.1008377,88.599777,-1.8997803,87.922798,1.8772049,88.658081,0.44191742,86.75943,0.64057159,77.081146,-0.88114929,83.336205,0.66379547,84.949081,0.15091705,83.037186,-0.33718872
2005,10/01/2005,Oct,82.800003,,88.099998,89.5,87,90.099998,89.199997,87.699997,76.199997,84.099998,85.199997,,86.800003,,01-Oct-05,91.263321,-3.1633224,90.593605,-1.093605,88.712227,-1.7122269,88.060684,2.0393143,88.775871,0.42412567,86.897911,0.80208588,77.26165,-1.0616531,83.494629,0.60536957,85.096596,0.10340118,83.187965,-0.38796234
2005,11/01/2005,Nov,83,,88.300003,89.699997,87,90.199997,89.400002,87.800003,76.300003,84.199997,85.5,,86.900002,,01-Nov-05,91.341438,-3.0414352,90.689461,-0.98946381,88.828423,-1.8284225,88.203163,1.9968338,88.897591,0.50241089,87.041008,0.75899506,77.448174,-1.1481705,83.65834,0.54165649,85.249023,0.25097656,83.343758,-0.34375763
2005,12/01/2005,Dec,83.199997,,88.699997,90,87.300003,90.300003,89.900002,88.199997,76.5,84.5,85.800003,,87.300003,,01-Dec-05,91.41703,-2.7170334,90.782227,-0.78222656,88.94088,-1.6408768,88.341049,1.9589539,89.015388,0.88461304,87.179489,1.0205078,77.628677,-1.1286774,83.816765,0.68323517,85.39653,0.4034729,83.494537,-0.29454041
2006,01/01/2006,Jan,83.5,,89,90.300003,87.699997,90.800003,90.199997,88.5,76.800003,84.699997,86,,87.5,,01-Jan-06,91.49514,-2.4951401,90.878082,-0.57807922,89.057076,-1.3570786,88.483528,2.3164749,89.137108,1.0628891,87.322586,1.1774139,77.815201,-1.0151978,83.980469,0.7195282,85.548958,0.45104218,83.650337,-0.15033722
2006,02/01/2006,Feb,83.699997,,89.099998,90.400002,87.900002,90.800003,90.199997,88.599998,77,84.800003,86.099998,,87.599998,,01-Feb-06,91.57325,-2.4732513,90.973946,-0.57394409,89.173271,-1.2732697,88.626007,2.173996,89.258827,0.94116974,87.465691,1.1343079,78.001724,-1.0017242,84.144173,0.65583038,85.701385,0.39861298,83.806137,-0.10614014
2006,03/01/2006,Mar,83.800003,,89.400002,90.5,88.199997,90.900002,90.300003,88.800003,77.099998,84.900002,86.300003,,87.800003,,01-Mar-06,91.643806,-2.2438049,91.060524,-0.56052399,89.278229,-1.0782318,88.7547,2.1453018,89.368767,0.93123627,87.59494,1.2050629,78.170197,-1.0701981,84.292038,0.60796356,85.839066,0.4609375,83.946854,-0.14685059
2006,04/01/2006,Apr,84,,89.400002,90.599998,88.199997,91.099998,90.5,88.900002,77.300003,85.199997,86.400002,,88,,01-Apr-06,91.721916,-2.3219147,91.15638,-0.55638123,89.394424,-1.1944275,88.897179,2.2028198,89.490486,1.0095139,87.738037,1.1619644,78.356712,-1.0567093,84.455742,0.74425507,85.991493,0.4085083,84.102654,-0.1026535
2006,05/01/2006,May,84.099998,,89.699997,90.699997,88.5,91.300003,90.599998,89.099998,77.400002,85.400002,86.400002,,88.099998,,01-May-06,91.797508,-2.0975113,91.249146,-0.54914856,89.506874,-1.0068741,89.035065,2.2649384,89.608276,0.99172211,87.876518,1.2234802,78.537224,-1.1372223,84.614174,0.78582764,86.139,0.26100159,84.253426,-0.15342712
2006,06/01/2006,Jun,84.199997,,90.099998,90.699997,88.599998,91.300003,90.800003,89.300003,77.599998,85.5,86.5,,88.199997,,01-Jun-06,91.875618,-1.7756195,91.345001,-0.64500427,89.62307,-1.0230713,89.177544,2.1224594,89.729996,1.0700073,88.019615,1.2803879,78.723747,-1.1237488,84.777878,0.72212219,86.291428,0.20857239,84.409225,-0.20922852
2006,07/01/2006,Jul,84.400002,,90.400002,90.699997,88.900002,91.400002,90.900002,89.400002,77.800003,85.599998,86.599998,,88.300003,,01-Jul-06,91.951218,-1.5512161,91.437767,-0.73777008,89.735527,-0.83552551,89.31543,2.0845718,89.847794,1.0522079,88.158104,1.2418976,78.904251,-1.104248,84.936302,0.66369629,86.438942,0.16105652,84.560005,-0.16000366
2006,08/01/2006,Aug,84.599998,,90.599998,90.800003,89.5,91.599998,91.099998,89.599998,77.900002,85.699997,86.800003,,88.5,,01-Aug-06,92.029327,-1.4293289,91.533623,-0.73361969,89.851723,-0.35172272,89.457909,2.1420898,89.969513,1.1304855,88.301201,1.2987976,79.090775,-1.190773,85.100006,0.59999084,86.591362,0.20864105,84.715805,-0.11580658
2006,09/01/2006,Sep,84.699997,,90.599998,91,89.599998,91.900002,91.300003,89.900002,77.900002,85.900002,87.099998,,88.800003,,01-Sep-06,92.107437,-1.5074387,91.629478,-0.62947845,89.967918,-0.36791992,89.600388,2.299614,90.091232,1.2087708,88.444298,1.4557037,79.27729,-1.3772888,85.263718,0.63628387,86.74379,0.3562088,84.871605,-0.17160797
2006,10/01/2006,Oct,84.800003,,90.599998,91.099998,89.5,92.099998,91.400002,89.900002,78,86,87.099998,,88.800003,,01-Oct-06,92.183029,-1.5830307,91.722244,-0.62224579,90.080368,-0.58036804,89.738274,2.3617249,90.209023,1.190979,88.582779,1.3172226,79.457802,-1.4578018,85.422142,0.57785797,86.891304,0.20869446,85.022377,-0.22237396
2006,11/01/2006,Nov,85,,90.599998,91.5,89.800003,92.300003,91.599998,90.099998,78.199997,86.199997,87.400002,,89,,01-Nov-06,92.261139,-1.6611404,91.8181,-0.31809998,90.196571,-0.3965683,89.880753,2.4192505,90.330742,1.2692566,88.725883,1.374115,79.644325,-1.4443283,85.585846,0.614151,87.043732,0.35626984,85.178177,-0.17817688
2006,12/01/2006,Dec,85.199997,,91.099998,91.599998,90.400002,92.5,91.900002,90.199997,78.199997,86.199997,87.699997,,89.300003,,01-Dec-06,92.336731,-1.2367325,91.910866,-0.31086731,90.309021,0.09098053,90.018639,2.4813614,90.44854,1.4514618,88.864365,1.3356323,79.824829,-1.6248322,85.74427,0.45572662,87.191238,0.50875854,85.328949,-0.12895203
2007,01/01/2007,Jan,85.400002,,91.5,91.900002,90.800003,92.5,92.099998,90.300003,78.400002,86.699997,87.900002,,89.5,,01-Jan-07,92.414848,-0.91484833,92.006729,-0.1067276,90.425217,0.37478638,90.161118,2.3388824,90.570259,1.5297394,89.007462,1.2925415,80.011353,-1.611351,85.907974,0.79202271,87.343666,0.55633545,85.484749,-0.084747314
2007,02/01/2007,Feb,85.599998,,91.800003,91.900002,90.900002,92.699997,92.099998,90.5,78.599998,86.800003,88.199997,,89.699997,,01-Feb-07,92.492958,-0.69295502,92.102585,-0.20258331,90.541412,0.35858917,90.303596,2.3964005,90.691978,1.40802,89.150558,1.3494415,80.197868,-1.5978699,86.071686,0.72831726,87.496094,0.7039032,85.640549,-0.040550232
2007,03/01/2007,Mar,85.800003,,91.900002,92.300003,90.900002,92.699997,92.199997,90.900002,78.800003,86.900002,88.5,,89.900002,,01-Mar-07,92.563515,-0.66351318,92.189163,0.11083984,90.64637,0.25363159,90.432289,2.2677078,90.801918,1.3980789,89.279808,1.6201935,80.366341,-1.5663376,86.219551,0.68045044,87.633774,0.8662262,85.781265,0.018737793
2007,04/01/2007,Apr,86,,92,92.599998,91,92.900002,92.199997,91.199997,79.199997,87.099998,88.5,,90.099998,,01-Apr-07,92.641624,-0.64162445,92.285019,0.31497955,90.762566,0.23743439,90.574768,2.3252335,90.923637,1.2763596,89.422905,1.777092,80.552864,-1.3528671,86.383255,0.71674347,87.786201,0.71379852,85.937065,0.062934875
2007,05/01/2007,May,86.199997,,91.800003,92.900002,91.300003,93.199997,92.300003,91.199997,79.300003,87.199997,88.800003,,90.199997,,01-May-07,92.717216,-0.91721344,92.377785,0.5222168,90.875015,0.42498779,90.712654,2.4873428,91.041428,1.2585754,89.561394,1.6386032,80.733368,-1.4333649,86.541679,0.65831757,87.933708,0.86629486,86.087845,0.1121521
2007,06/01/2007,Jun,86.300003,,91.900002,92.900002,91.699997,93.300003,92.5,91.300003,79.699997,87.199997,89.099998,,90.300003,,01-Jun-07,92.795326,-0.89532471,92.47364,0.42636108,90.991219,0.70877838,90.855133,2.44487,91.163147,1.336853,89.704491,1.5955124,80.919891,-1.2198944,86.705383,0.49461365,88.086136,1.0138626,86.243645,0.056358337
2007,07/01/2007,Jul,86.599998,,92.099998,93,91.599998,93.699997,92.800003,91.400002,80,87.400002,89.400002,,90.5,,01-Jul-07,92.870918,-0.7709198,92.566406,0.43359375,91.103668,0.49633026,90.993011,2.7069855,91.280945,1.5190582,89.842972,1.5570297,81.100403,-1.1004028,86.863808,0.53619385,88.23365,1.1663513,86.394417,0.20558167
2007,08/01/2007,Aug,86.900002,,92.300003,93.400002,92.199997,93.699997,93.099998,91.599998,80.300003,87.599998,89.800003,,90.800003,,01-Aug-07,92.949028,-0.64902496,92.662262,0.73773956,91.219864,0.98013306,91.135498,2.5644989,91.402664,1.6973343,89.986069,1.6139297,81.286919,-0.98691559,87.027519,0.57247925,88.386078,1.4139252,86.550217,0.34978485
2007,09/01/2007,Sep,87.199997,,92.400002,93.599998,92.5,93.800003,93.199997,91.800003,80.599998,87.900002,90,,91.099998,,01-Sep-07,93.027145,-0.62714386,92.758125,0.84187317,91.336067,1.1639328,91.277977,2.5220261,91.524384,1.6756134,90.129173,1.6708298,81.473442,-0.8734436,87.191223,0.70877838,88.538506,1.4614944,86.706017,0.49398041
2007,10/01/2007,Oct,87.400002,,92.699997,93.900002,92.699997,94,93.400002,92.199997,80.900002,88.199997,90.300003,,91.300003,,01-Oct-07,93.102737,-0.40274048,92.850883,1.049118,91.448517,1.2514801,91.415855,2.5841446,91.642174,1.7578278,90.267654,1.9323425,81.653946,-0.7539444,87.349648,0.85034943,88.686012,1.6139908,86.856789,0.54321289
2007,11/01/2007,Nov,87.699997,,93,93.900002,93.300003,94.099998,93.699997,92.400002,81.199997,88.5,90.599998,,91.599998,,01-Nov-07,93.180847,-0.18084717,92.946747,0.9532547,91.564713,1.7352905,91.558342,2.5416565,91.763893,1.9361038,90.410751,1.9892502,81.840469,-0.64047241,87.513359,0.98664093,88.83844,1.7615585,87.012589,0.68740845
2007,12/01/2007,Dec,88,,93.5,94,93.599998,94.300003,93.800003,92.599998,81.699997,88.699997,90.900002,,91.800003,,01-Dec-07,93.256439,0.24356079,93.039505,0.960495,91.677162,1.9228363,91.69622,2.6037827,91.881691,1.9183121,90.549232,2.050766,82.020981,-0.32098389,87.671783,1.0282135,88.985954,1.9140472,87.163361,0.8366394
2008,01/01/2008,Jan,88.5,,94.199997,94.300003,93.800003,94.5,94.099998,93,82.199997,89.199997,91.5,,92.199997,,01-Jan-08,93.334549,0.865448,93.135368,1.1646347,91.793358,2.0066452,91.838707,2.661293,92.00341,2.0965881,90.692329,2.3076706,82.207497,-0.007499695,87.835487,1.3645096,89.138382,2.361618,87.31916,1.1808395
2008,02/01/2008,Feb,88.599998,,94.099998,94.300003,94,94.699997,94,93,82.400002,89.400002,91.599998,,92.300003,,01-Feb-08,93.412666,0.68733215,93.231224,1.068779,91.909561,2.0904388,91.981186,2.718811,92.12513,1.8748703,90.835434,2.164566,82.39402,0.005981445,87.999191,1.4008102,89.29081,2.3091888,87.47496,1.1250381
2008,03/01/2008,Mar,88.800003,,94.199997,94.400002,94.099998,94.900002,94.199997,93.199997,82.599998,89.599998,91.800003,,92.5,,01-Mar-08,93.485733,0.71426392,93.320892,1.0791092,92.018257,2.0817413,92.114471,2.7855301,92.238991,1.9610062,90.969299,2.2306976,82.568512,0.031486511,88.152336,1.4476624,89.433403,2.3666,87.620705,1.1792984
2008,04/01/2008,Apr,89,,94.5,94.5,94.199997,95,94.400002,93.5,82.800003,89.800003,92,,92.699997,,01-Apr-08,93.56385,0.9361496,93.416756,1.0832443,92.13446,2.0655365,92.25695,2.7430496,92.360718,2.0392838,91.112396,2.3876038,82.755035,0.044967651,88.316048,1.4839554,89.585831,2.4141693,87.776505,1.2234955
2008,05/01/2008,May,89.199997,,94.800003,94.699997,94.400002,95.199997,94.599998,93.599998,83.099998,89.900002,92.099998,,92.800003,,01-May-08,93.639442,1.1605606,93.509521,1.1904755,92.24691,2.1530914,92.394836,2.8051605,92.478508,2.1214905,91.250877,2.3491211,82.935539,0.16445923,88.474472,1.4255295,89.733337,2.3666611,87.927284,1.2727127
2008,06/01/2008,Jun,89.400002,,94.800003,94.800003,94.5,95.5,94.800003,93.800003,83.400002,90.199997,92.300003,,93,,01-Jun-08,93.717552,1.0824509,93.605377,1.1946259,92.363106,2.1368942,92.537315,2.9626846,92.600227,2.1997757,91.393974,2.4060287,83.122063,0.27793884,88.638176,1.561821,89.885765,2.414238,88.083076,1.316925
2008,07/01/2008,Jul,89.599998,,95,94.800003,94.599998,95.599998,95,94.099998,83.599998,90.300003,92.5,,93.199997,,01-Jul-08,93.793144,1.2068558,93.698143,1.10186,92.475555,2.1244431,92.675201,2.9247971,92.718018,2.2819824,91.532463,2.5675354,83.302567,0.29743195,88.7966,1.5034027,90.033279,2.4667206,88.233856,1.3661423
2008,08/01/2008,Aug,89.800003,,95.099998,95,94.800003,95.699997,95.099998,94.300003,83.800003,90.699997,92.800003,,93.400002,,01-Aug-08,93.871254,1.2287445,93.793999,1.2060013,92.591759,2.2082443,92.81768,2.8823166,92.839737,2.2602615,91.67556,2.6244431,83.48909,0.31091309,88.960304,1.7396927,90.185707,2.614296,88.389656,1.410347
2008,09/01/2008,Sep,90,,95.400002,95.199997,94.800003,95.699997,95.199997,94.400002,84,91.099998,93.199997,,93.699997,,01-Sep-08,93.949371,1.4506302,93.889854,1.3101425,92.707954,2.0920486,92.960159,2.7398376,92.961456,2.2385406,91.818657,2.5813446,83.675613,0.3243866,89.124016,1.9759827,90.338135,2.8618622,88.545456,1.4545441
2008,10/01/2008,Oct,90.400002,,95.5,95.400002,94.900002,95.800003,95.400002,94.599998,84.5,91.300003,93.599998,,93.900002,,01-Oct-08,94.024963,1.4750366,93.98262,1.4173813,92.820404,2.0795975,93.098045,2.7019577,93.079254,2.3207474,91.957138,2.6428604,83.856117,0.64388275,89.28244,2.0175629,90.485641,3.114357,88.696228,1.7037735
2008,11/01/2008,Nov,90.599998,,95.800003,95.800003,95,95.900002,95.599998,94.699997,84.900002,91.5,93.800003,,94.099998,,01-Nov-08,94.103073,1.6969299,94.078476,1.7215271,92.9366,2.0634003,93.240524,2.6594772,93.200974,2.399025,92.100235,2.599762,84.042641,0.85736084,89.446144,2.0538559,90.638069,3.1619339,88.852028,1.7479706
2008,12/01/2008,Dec,90.900002,,96,95.900002,95.300003,95.900002,95.800003,94.800003,85.199997,91.800003,93.900002,,94.300003,,01-Dec-08,94.178665,1.8213348,94.171242,1.7287598,93.049057,2.250946,93.37841,2.5215912,93.318764,2.4812393,92.238724,2.5612793,84.223145,0.97685242,89.604568,2.1954346,90.785576,3.1144257,89.0028,1.8972015
2009,01/01/2009,Jan,91.099998,,96.199997,95.900002,95.5,95.900002,95.900002,95.099998,85.5,92,94,,94.400002,,01-Jan-09,94.256775,1.943222,94.267097,1.6329041,93.165253,2.3347473,93.520889,2.3791122,93.440483,2.4595184,92.381821,2.7181778,84.409668,1.090332,89.76828,2.23172,90.938004,3.0619965,89.1586,1.9413986
2009,02/01/2009,Feb,91.199997,,96.400002,95.900002,95.599998,95.800003,96,95.199997,85.699997,92.099998,93.900002,,94.5,,01-Feb-09,94.334892,2.0651093,94.362953,1.5370483,93.281448,2.3185501,93.663368,2.1366348,93.562202,2.4377975,92.524918,2.6750793,84.596191,1.1038055,89.931984,2.1680145,91.090431,2.8095703,89.3144,1.8855972
2009,03/01/2009,Mar,91.199997,,96.5,95.900002,95.699997,95.800003,96,95.199997,85.699997,92.099998,93.800003,,94.5,,01-Mar-09,94.405441,2.0945587,94.449539,1.4504623,93.386406,2.313591,93.792061,2.0079422,93.672142,2.327858,92.654167,2.5458298,84.764664,0.93533325,90.079849,2.0201492,91.228111,2.5718918,89.455124,1.744873
2009,04/01/2009,Apr,91.300003,,96.699997,96,95.699997,95.800003,96.099998,95.199997,85.800003,92.199997,94,,94.599998,,01-Apr-09,94.483551,2.2164459,94.545395,1.4546051,93.502602,2.1973953,93.93454,1.8654633,93.793861,2.3061371,92.797264,2.4027328,84.95118,0.84882355,90.243553,1.9564438,91.380539,2.6194611,89.610924,1.6890793
2009,05/01/2009,May,91.300003,,96.900002,96.199997,95.900002,95.800003,95.900002,95.099998,85.800003,92.199997,94.099998,,94.599998,,01-May-09,94.559143,2.3408585,94.638161,1.5618362,93.615051,2.2849503,94.072426,1.7275772,93.911659,1.9883423,92.935753,2.1642456,85.131691,0.66831207,90.401978,1.7980194,91.528046,2.5719528,89.761696,1.5383072
2009,06/01/2009,Jun,91.300003,,96.900002,96.300003,96,95.699997,95.800003,95,85.699997,92.199997,94.199997,,94.599998,,01-Jun-09,94.63726,2.2627411,94.734016,1.5659866,93.731255,2.2687454,94.214905,1.4850922,94.033379,1.7666245,93.07885,1.9211502,85.318214,0.38178253,90.565681,1.6343155,91.680473,2.5195236,89.917496,1.3825073
2009,07/01/2009,Jul,91.199997,,97.099998,96.5,96.099998,95.599998,95.699997,95,85.5,92.099998,94,,94.5,,01-Jul-09,94.712852,2.387146,94.826782,1.6732178,93.843704,2.2562943,94.352791,1.2472076,94.151169,1.5488281,93.217331,1.7826691,85.498718,0.001281738,90.724113,1.375885,91.827988,2.1720123,90.068268,1.1317291
2009,08/01/2009,Aug,91.099998,,97.300003,96.5,96,95.400002,95.5,94.800003,85.400002,92.199997,93.599998,,94.5,,01-Aug-09,94.790962,2.5090408,94.922638,1.5773621,93.9599,2.0401001,94.49527,0.90473175,94.272888,1.2271118,93.360428,1.4395752,85.685242,-0.28524017,90.887817,1.3121796,91.980415,1.6195831,90.224068,0.87593079
2009,09/01/2009,Sep,91,,97.300003,96.300003,96,95.400002,95.300003,94.599998,85.300003,91.900002,93.699997,,94.300003,,01-Sep-09,94.869072,2.4309311,95.018494,1.2815094,94.076096,1.9239044,94.637749,0.76225281,94.394608,0.90539551,93.503525,1.0964737,85.871758,-0.57175446,91.051521,0.84848022,92.132843,1.5671539,90.379868,0.62013245
2009,10/01/2009,Oct,90.800003,,97.199997,96.300003,96.099998,95.400002,95.099998,94.5,85.099998,91.699997,93.400002,,94.199997,,01-Oct-09,94.944664,2.2553329,95.111259,1.1887436,94.188545,1.9114532,94.775635,0.62436676,94.512405,0.58759308,93.642014,0.85798645,86.052269,-0.95227051,91.209946,0.49005127,92.28035,1.1196518,90.53064,0.2693634
2009,11/01/2009,Nov,90.599998,,97.300003,96.300003,95.900002,95.199997,94.900002,94.300003,84.900002,91.400002,93.400002,,94,,01-Nov-09,95.022781,2.2772217,95.207115,1.0928879,94.304749,1.595253,94.918114,0.28188324,94.634125,0.26587677,93.78511,0.51489258,86.238792,-1.3387909,91.373657,0.026344299,92.432777,0.96722412,90.68644,-0.08644104
2009,12/01/2009,Dec,90.400002,,97.199997,96.300003,95.800003,95.300003,94.800003,94.099998,84.800003,91,93.300003,,93.800003,,01-Dec-09,95.098373,2.1016235,95.299881,1.0001221,94.417198,1.3828049,95.055992,0.24401093,94.751915,0.048088074,93.923592,0.17640686,86.419296,-1.6192932,91.532082,-0.5320816,92.580292,0.7197113,90.837212,-0.43721008
2010,01/01/2010,Jan,90.300003,,97.099998,96.199997,95.800003,95.099998,94.699997,93.5,84.699997,90.599998,93.199997,,93.599998,,01-Jan-10,95.176483,1.9235153,95.395737,0.80426025,94.533394,1.2666092,95.198479,-0.098480225,94.873634,-0.17363739,94.066689,-0.56668854,86.60582,-1.9058228,91.695786,-1.095787,92.732719,0.46727753,90.993011,-0.69300842
2010,02/01/2010,Feb,90.099998,,97,96.199997,95.900002,94.800003,94.599998,93.400002,84.599998,90.199997,93,,93.400002,,01-Feb-10,95.254593,1.7454071,95.491592,0.70840454,94.649597,1.2504044,95.340958,-0.54095459,94.995354,-0.39535522,94.209785,-0.80978394,86.792336,-2.192337,91.859489,-1.6594925,92.885147,0.11485291,91.148811,-1.0488129
2010,03/01/2010,Mar,90.099998,,96.900002,96.199997,95.900002,94.800003,94.699997,93.300003,84.5,90.300003,92.900002,,93.400002,,01-Mar-10,95.32515,1.574852,95.578178,0.62181854,94.754547,1.1454544,95.46965,-0.66964722,95.105293,-0.40529633,94.339043,-1.0390396,86.960808,-2.4608078,92.007355,-1.7073517,93.02282,-0.12281799,91.289536,-1.189537
2010,04/01/2010,Apr,90,,96.900002,96.199997,96,94.699997,94.599998,93.300003,84.400002,90.400002,92.800003,,93.400002,,01-Apr-10,95.403259,1.4967422,95.674034,0.52596283,94.870743,1.1292572,95.612129,-0.91213226,95.227013,-0.62701416,94.48214,-1.1821365,87.147331,-2.7473297,92.171059,-1.7710571,93.175247,-0.37524414,91.445335,-1.4453354
2010,05/01/2010,May,90.099998,,96.900002,96.300003,95.900002,94.599998,94.599998,93.199997,84.5,90.5,92.800003,,93.400002,,01-May-10,95.478851,1.4211502,95.7668,0.53320313,94.983192,0.91680908,95.750008,-1.1500092,95.34481,-0.74481201,94.620621,-1.4206238,87.327835,-2.8278351,92.329491,-1.8294907,93.322762,-0.52275848,91.596107,-1.496109
2010,06/01/2010,Jun,90.099998,,96.900002,96.400002,96,94.599998,94.599998,93.400002,84.5,90.5,92.800003,,93.5,,01-Jun-10,95.556961,1.3430405,95.862656,0.53734589,95.099396,0.90060425,95.892494,-1.2924957,95.46653,-0.86653137,94.763718,-1.3637161,87.514359,-3.0143585,92.493195,-1.9931946,93.475189,-0.67518616,91.751907,-1.6519089
2010,07/01/2010,Jul,90.199997,,97,96.5,96.199997,94.599998,94.599998,93.400002,84.699997,90.5,92.900002,,93.5,,01-Jul-10,95.632553,1.3674469,95.955421,0.54457855,95.211845,0.98815155,96.030373,-1.4303741,95.58432,-0.98432159,94.902199,-1.5021973,87.69487,-2.994873,92.651619,-2.151619,93.622696,-0.7226944,91.902679,-1.7026825
2010,08/01/2010,Aug,90.300003,,97,96.599998,96.199997,94.699997,94.800003,93.400002,84.800003,90.800003,93,,93.699997,,01-Aug-10,95.71067,1.2893295,96.051277,0.54872131,95.328041,0.87195587,96.172852,-1.4728546,95.706039,-0.90603638,95.045303,-1.6453018,87.881386,-3.0813828,92.815323,-2.0153198,93.775124,-0.7751236,92.058479,-1.7584763
2010,09/01/2010,Sep,90.5,,97.099998,96.699997,96.400002,94.599998,94.900002,93.599998,85,90.800003,93.300003,,93.800003,,01-Sep-10,95.78878,1.3112183,96.147133,0.55286407,95.444244,0.95575714,96.315338,-1.7153397,95.827759,-0.92775726,95.1884,-1.5884018,88.067909,-3.0679092,92.979034,-2.1790314,93.927551,-0.62754822,92.214279,-1.7142792
2010,10/01/2010,Oct,90.699997,,97.199997,96.900002,96.5,94.5,95,93.699997,85.300003,91,93.400002,,93.900002,,01-Oct-10,95.864372,1.3356247,96.239899,0.66010284,95.556694,0.94330597,96.453217,-1.9532166,95.945557,-0.94555664,95.326881,-1.6268845,88.248413,-2.94841,93.137459,-2.1374588,94.075066,-0.67506409,92.365051,-1.6650543
2010,11/01/2010,Nov,90.800003,,97.400002,97.099998,96.599998,94.699997,95.099998,93.800003,85.5,91.199997,93.5,,94,,01-Nov-10,95.942482,1.4575195,96.335754,0.76424408,95.67289,0.92710876,96.595695,-1.8956985,96.067276,-0.96727753,95.469978,-1.6699753,88.434937,-2.9349365,93.301163,-2.1011658,94.227493,-0.72749329,92.520851,-1.7208481
2010,12/01/2010,Dec,91.099998,,97.599998,97.199997,96.699997,94.900002,95.099998,94.099998,85.900002,91.400002,93.599998,,94.199997,,01-Dec-10,96.018074,1.5819244,96.42852,0.77147675,95.785339,0.91465759,96.733582,-1.83358,96.185066,-1.0850677,95.608459,-1.508461,88.615448,-2.7154465,93.459587,-2.0595856,94.375,-0.77500153,92.671623,-1.5716248
2011,01/01/2011,Jan,91.400002,,97.599998,97.300003,97,95,95.300003,94.199997,86.300003,92,93.699997,,94.5,,01-Jan-11,96.096191,1.5038071,96.524376,0.77562714,95.901535,1.098465,96.87606,-1.8760605,96.306786,-1.0067825,95.751564,-1.5515671,88.801964,-2.5019608,93.623299,-1.6232986,94.527428,-0.82743073,92.827423,-1.4274216
2011,02/01/2011,Feb,91.599998,,97.699997,97.300003,97,95,95.300003,94.5,86.599998,92.099998,93.699997,,94.599998,,01-Feb-11,96.174301,1.5256958,96.620239,0.67976379,96.017738,0.98226166,97.018547,-2.0185471,96.428505,-1.1285019,95.894661,-1.3946609,88.988487,-2.3884888,93.787003,-1.6870041,94.679855,-0.9798584,92.983223,-1.3832245
2011,03/01/2011,Mar,91.699997,,97.800003,97.400002,97.099998,95,95.400002,94.599998,86.800003,92.300003,93.900002,,94.699997,,01-Mar-11,96.244858,1.5551453,96.706818,0.6931839,96.122688,0.97731018,97.147232,-2.1472321,96.538445,-1.138443,96.023911,-1.423912,89.15696,-2.3569565,93.934868,-1.6348648,94.817535,-0.91753387,93.123947,-1.4239502
2011,04/01/2011,Apr,91.900002,,97.800003,97.599998,97,95.199997,95.5,94.699997,87.099998,92.599998,94,,94.800003,,01-Apr-11,96.322968,1.4770355,96.802673,0.79732513,96.238892,0.7611084,97.289719,-2.0897217,96.660164,-1.1601639,96.167007,-1.4670105,89.343483,-2.2434845,94.098572,-1.4985733,94.969955,-0.96995544,93.279747,-1.3797455
2011,05/01/2011,May,92.099998,,98,97.699997,97.199997,95.199997,95.5,94.800003,87.400002,92.800003,94.099998,,95,,01-May-11,96.39856,1.6014404,96.895439,0.8045578,96.351341,0.8486557,97.427597,-2.2276001,96.777962,-1.2779617,96.305489,-1.5054855,89.523987,-2.1239853,94.256996,-1.4569931,95.11747,-1.0174713,93.430519,-1.3305206
2011,06/01/2011,Jun,92.300003,,98,97.800003,97.199997,95.300003,95.599998,94.900002,87.699997,92.900002,94.300003,,95.099998,,01-Jun-11,96.476669,1.5233307,96.991295,0.80870819,96.467537,0.73246002,97.570076,-2.2700729,96.899681,-1.2996826,96.448593,-1.5485916,89.71051,-2.0105133,94.4207,-1.5206985,95.269897,-0.96989441,93.586319,-1.2863159
2011,07/01/2011,Jul,92.5,,98.099998,97.800003,97.199997,95.400002,95.800003,95,88,93.099998,94.400002,,95.199997,,01-Jul-11,96.552261,1.5477371,97.084061,0.71594238,96.579987,0.62001038,97.707962,-2.3079605,97.017471,-1.2174683,96.587074,-1.5870743,89.891014,-1.8910141,94.579132,-1.4791336,95.417404,-1.0174026,93.737091,-1.2370911
2011,08/01/2011,Aug,92.699997,,98.5,97.900002,97.300003,95.5,95.900002,95.199997,88.400002,93.199997,94.5,,95.300003,,01-Aug-11,96.630371,1.8696289,97.179916,0.72008514,96.696182,0.6038208,97.850441,-2.350441,97.139191,-1.2391891,96.730171,-1.5301743,90.077538,-1.677536,94.742836,-1.5428391,95.569832,-1.0698318,93.892891,-1.192894
2011,09/01/2011,Sep,93,,98.699997,98.099998,97.400002,95.599998,96.099998,95.300003,88.800003,93.400002,94.900002,,95.5,,01-Sep-11,96.708488,1.9915085,97.275772,0.82422638,96.812386,0.58761597,97.99292,-2.3929214,97.26091,-1.1609116,96.873268,-1.5732651,90.264061,-1.4640579,94.90654,-1.5065384,95.72226,-0.822258,94.048691,-1.0486908
2011,10/01/2011,Oct,93.199997,,99,98.199997,97.5,95.800003,96.199997,95.5,89.099998,93.599998,95,,95.599998,,01-Oct-11,96.784081,2.2159195,97.368538,0.83145905,96.924835,0.57516479,98.130806,-2.3308029,97.378708,-1.1787109,97.011749,-1.5117493,90.444565,-1.3445663,95.064964,-1.4649658,95.869774,-0.86977386,94.199463,-0.99946594
2011,11/01/2011,Nov,93.400002,,98.900002,98.300003,97.599998,95.900002,96.300003,95.5,89.5,93.800003,95.300003,,95.800003,,01-Nov-11,96.86219,2.0378113,97.464394,0.83560944,97.041031,0.55896759,98.273285,-2.3732834,97.500427,-1.2004242,97.154854,-1.6548538,90.631088,-1.1310883,95.228676,-1.4286728,96.022202,-0.72219849,94.355263,-0.95526123
2011,12/01/2011,Dec,93.800003,,98.900002,98.300003,97.800003,96.099998,96.400002,95.800003,90,94.099998,95.400002,,96,,01-Dec-11,96.937782,1.9622192,97.557159,0.74284363,97.153481,0.64652252,98.411171,-2.3111725,97.618217,-1.2182159,97.293335,-1.4933319,90.811592,-0.8115921,95.3871,-1.2871017,96.169708,-0.76970673,94.506035,-0.7060318
2012,01/01/2012,Jan,94,,99,98.400002,97.800003,96.400002,96.599998,95.900002,90.5,94.199997,95.599998,,96.099998,,01-Jan-12,97.015892,1.984108,97.653023,0.74697876,97.269684,0.53031921,98.55365,-2.1536484,97.739937,-1.1399384,97.436432,-1.5364304,90.998116,-0.49811554,95.550804,-1.3508072,96.322136,-0.72213745,94.661835,-0.66183472
2012,02/01/2012,Feb,94.199997,,98.900002,98.5,97.800003,96.5,96.599998,96.099998,90.800003,94.5,95.699997,,96.300003,,01-Feb-12,97.094009,1.8059921,97.748878,0.75112152,97.38588,0.41412354,98.696129,-2.1961288,97.861656,-1.2616577,97.579529,-1.4795303,91.184639,-0.38463593,95.714508,-1.2145081,96.474564,-0.77456665,94.817635,-0.61763763
2012,03/01/2012,Mar,94.300003,,98.900002,98.599998,97.900002,96.5,96.599998,96.199997,91,94.699997,95.699997,,96.300003,,01-Mar-12,97.167076,1.7329254,97.838547,0.76145172,97.494583,0.4054184,98.829422,-2.329422,97.975525,-1.3755264,97.713394,-1.5133972,91.359131,-0.35913086,95.867653,-1.1676559,96.617157,-0.91716003,94.963387,-0.66338348
2012,04/01/2012,Apr,94.599998,,99,98.699997,97.900002,96.699997,96.699997,96.400002,91.599998,94.900002,95.699997,,96.5,,01-Apr-12,97.245193,1.7548065,97.93441,0.76558685,97.610779,0.28922272,98.971901,-2.271904,98.097244,-1.3972473,97.856499,-1.4564972,91.545647,0.054351807,96.031364,-1.1313629,96.769585,-1.0695877,95.119186,-0.51918793
2012,05/01/2012,May,94.800003,,98.800003,98.699997,98,96.900002,96.800003,96.599998,91.900002,95.099998,95.900002,,96.599998,,01-May-12,97.320786,1.4792175,98.027168,0.67282867,97.723228,0.27677155,99.109787,-2.2097855,98.215034,-1.4150314,97.99498,-1.3949814,91.726158,0.17384338,96.189789,-1.0897903,96.917099,-1.0170975,95.269958,-0.46995544
2012,06/01/2012,Jun,95,,98.800003,98.699997,98,96.900002,96.900002,96.599998,92.300003,95.199997,96,,96.699997,,01-Jun-12,97.398895,1.4011078,98.123032,0.57696533,97.839432,0.16056824,99.252266,-2.3522644,98.336754,-1.4367523,98.138077,-1.5380783,91.912682,0.38732147,96.353493,-1.1534958,97.069527,-1.0695267,95.425758,-0.42575836
2012,07/01/2012,Jul,95.199997,,98.900002,98.800003,98.199997,97.099998,97,96.800003,92.599998,95.300003,96.199997,,96.800003,,01-Jul-12,97.474487,1.4255142,98.21579,0.58421326,97.951881,0.24811554,99.390144,-2.2901459,98.454552,-1.4545517,98.276558,-1.4765549,92.093185,0.50681305,96.511917,-1.2119141,97.217033,-1.0170364,95.57653,-0.37653351
2012,08/01/2012,Aug,95.400002,,98.900002,98.900002,98.300003,97.199997,96.900002,96.900002,92.900002,95.5,96.400002,,96.900002,,01-Aug-12,97.552597,1.3474045,98.311653,0.58834839,98.068077,0.23192596,99.532631,-2.332634,98.576271,-1.6762695,98.419662,-1.5196609,92.279709,0.62029266,96.675621,-1.175621,97.369461,-0.96945953,95.73233,-0.3323288
2012,09/01/2012,Sep,95.699997,,98.900002,98.900002,98.5,97.300003,97.199997,97,93.5,95.699997,96.699997,,97.099998,,01-Sep-12,97.630714,1.2692871,98.407509,0.49249268,98.184273,0.31572723,99.67511,-2.3751068,98.69799,-1.4979935,98.562759,-1.5627594,92.466225,1.0337753,96.839333,-1.1393356,97.521889,-0.82189178,95.88813,-0.18813324
2012,10/01/2012,Oct,95.900002,,99,99,98.800003,97.5,97.400002,97,93.800003,95.900002,96.900002,,97.300003,,01-Oct-12,97.706306,1.2936935,98.500275,0.49972534,98.296722,0.50328064,99.812988,-2.3129883,98.815781,-1.4157791,98.701241,-1.7012405,92.646736,1.1532669,96.997757,-1.0977554,97.669403,-0.76940155,96.038902,-0.13890076
2012,11/01/2012,Nov,96.099998,,99.199997,99,98.699997,97.5,97.5,97.099998,94,96,96.900002,,97.300003,,01-Nov-12,97.784416,1.4155807,98.59613,0.40386963,98.412926,0.28707123,99.955475,-2.4554749,98.9375,-1.4375,98.844337,-1.744339,92.83326,1.1667404,97.161461,-1.1614609,97.821831,-0.92182922,96.194702,-0.094703674
2012,12/01/2012,Dec,96.300003,,99.300003,99.099998,98.800003,97.599998,97.699997,97.199997,94.400002,96.199997,97,,97.5,,01-Dec-12,97.860008,1.4399948,98.688896,0.41110229,98.525375,0.27462769,100.09335,-2.4933548,99.055298,-1.3553009,98.982819,-1.7828217,93.013763,1.3862381,97.319885,-1.1198883,97.969337,-0.96933746,96.345474,-0.045471191
2013,01/01/2013,Jan,96.400002,,99.400002,99.099998,99,97.800003,97.800003,97.400002,94.699997,96.199997,97.099998,,97.599998,,01-Jan-13,97.938118,1.4618835,98.784752,0.31524658,98.641571,0.35842896,100.23583,-2.4358292,99.177017,-1.3770142,99.125923,-1.7259216,93.200287,1.4997101,97.483597,-1.2835999,98.121765,-1.0217667,96.501274,-0.10127258
2013,02/01/2013,Feb,96.599998,,99.400002,99.099998,99,97.800003,97.900002,97.400002,94.900002,96.400002,97.199997,,97.599998,,01-Feb-13,98.016235,1.3837662,98.880608,0.21939087,98.757774,0.24222565,100.37832,-2.5783157,99.298737,-1.398735,99.26902,-1.8690186,93.386803,1.5131989,97.647301,-1.2472992,98.274193,-1.0741959,96.657074,-0.0570755
2013,03/01/2013,Mar,96.699997,,99.300003,99,99,97.699997,97.900002,97.599998,95.099998,96.5,97.199997,,97.699997,,01-Mar-13,98.086784,1.2132187,98.967186,0.032814026,98.862724,0.1372757,100.507,-2.8070068,99.408676,-1.5086746,99.39827,-1.7982712,93.555275,1.5447235,97.795166,-1.295166,98.411873,-1.2118759,96.797798,-0.097801208
2013,04/01/2013,Apr,96.800003,,99.400002,99.099998,99,97.900002,97.900002,97.599998,95.400002,96.599998,97.199997,,97.699997,,01-Apr-13,98.164894,1.2351074,99.063049,0.036949158,98.97892,0.021080017,100.64949,-2.7494888,99.530396,-1.630394,99.541367,-1.9413681,93.741798,1.6582031,97.95887,-1.3588715,98.564301,-1.3643036,96.953598,-0.15359497
2013,05/01/2013,May,97,,99.400002,99.099998,99.099998,97.900002,97.900002,97.5,95.800003,96.699997,97.400002,,97.800003,,01-May-13,98.240486,1.1595154,99.155815,-0.05581665,99.09137,0.008628845,100.78737,-2.8873672,99.648186,-1.7481842,99.679848,-2.1798477,93.922302,1.8777008,98.117294,-1.4172974,98.711807,-1.3118057,97.10437,-0.10437012
2013,06/01/2013,Jun,97.199997,,99.400002,99.099998,99.199997,97.800003,98,97.599998,96,96.800003,97.5,,97.900002,,01-Jun-13,98.318604,1.081398,99.251671,-0.15167236,99.207573,-0.007575989,100.92985,-3.1298447,99.769905,-1.7699051,99.822952,-2.2229538,94.108826,1.8911743,98.281006,-1.4810028,98.864235,-1.3642349,97.26017,-0.060173035
2013,07/01/2013,Jul,97.300003,,99.599998,99.199997,99.099998,98,98,97.599998,96.300003,97,97.699997,,97.900002,,01-Jul-13,98.394196,1.2058029,99.344437,-0.1444397,99.320023,-0.22002411,101.06773,-3.0677338,99.887703,-1.8877029,99.961433,-2.3614349,94.289337,2.0106659,98.43943,-1.4394302,99.011742,-1.3117447,97.410942,-0.11093903
2013,08/01/2013,Aug,97.5,,99.599998,99.199997,99.300003,98.099998,98,97.800003,96.699997,97.099998,97.900002,,98.099998,,01-Aug-13,98.472305,1.1276932,99.440292,-0.24029541,99.436218,-0.13621521,101.21021,-3.1102142,100.00942,-2.0094223,100.10453,-2.3045273,94.475853,2.224144,98.603134,-1.5031357,99.164169,-1.2641678,97.566742,-0.066741943
2013,09/01/2013,Sep,97.599998,,99.699997,99.300003,99.300003,98.300003,98,97.800003,96.800003,97.199997,97.900002,,98.099998,,01-Sep-13,98.550415,1.1495819,99.536148,-0.23614502,99.552422,-0.25241852,101.35269,-3.0526886,100.13114,-2.1311417,100.24763,-2.4476242,94.662376,2.1376266,98.766838,-1.5668411,99.316597,-1.4165955,97.722542,-0.12254333
2013,10/01/2013,Oct,97.699997,,99.699997,99.300003,99.400002,98.300003,98,97.800003,96.900002,97.400002,98.099998,,98.199997,,01-Oct-13,98.626007,1.0739899,99.628914,-0.32891083,99.664871,-0.26486969,101.49058,-3.1905746,100.24893,-2.2489319,100.38611,-2.5861053,94.84288,2.0571213,98.925262,-1.5252609,99.464111,-1.3641129,97.873314,-0.17331696
2013,11/01/2013,Nov,97.900002,,99.699997,99.400002,99.400002,98.599998,98.199997,97.900002,97.199997,97.5,98.300003,,98.300003,,01-Nov-13,98.704124,0.9958725,99.72477,-0.32476807,99.781067,-0.38106537,101.63306,-3.0330582,100.37065,-2.1706543,100.52921,-2.6292114,95.029404,2.1705933,99.088974,-1.588974,99.616539,-1.3165359,98.029114,-0.12911224
2013,12/01/2013,Dec,98,,99.699997,99.400002,99.5,98.699997,98.5,98,97.199997,97.699997,98.300003,,98.5,,01-Dec-13,98.779716,0.92028046,99.817535,-0.41753387,99.893517,-0.39351654,101.77094,-3.0709457,100.48845,-1.9884491,100.66769,-2.6676941,95.209908,1.9900894,99.247398,-1.5474014,99.764046,-1.4640427,98.179893,-0.17989349
2014,01/01/2014,Jan,98.099998,,99.699997,99.400002,99.599998,98.800003,98.800003,98.199997,97.300003,97.900002,98.400002,,98.599998,,01-Jan-14,98.857826,0.84217072,99.913391,-0.51338959,100.00971,-0.40971375,101.91342,-3.1134186,100.61017,-1.8101654,100.81079,-2.6107941,95.396431,1.9035721,99.411102,-1.5111008,99.916473,-1.5164719,98.335693,-0.23569489
2014,02/01/2014,Feb,98.099998,,99.800003,99.400002,99.599998,98.800003,98.800003,98.300003,97.300003,98.099998,98.400002,,98.699997,,01-Feb-14,98.935936,0.86406708,100.00925,-0.6092453,100.12592,-0.52591705,102.0559,-3.2558975,100.73189,-1.9318848,100.95389,-2.6538849,95.582954,1.7170486,99.574806,-1.4748077,100.0689,-1.6688995,98.491486,-0.39148712
2014,03/01/2014,Mar,98.300003,,99.699997,99.400002,99.699997,99,98.900002,98.400002,97.5,98.099998,98.5,,98.800003,,01-Mar-14,99.006493,0.69350433,100.09583,-0.6958313,100.23087,-0.53086853,102.18459,-3.1845932,100.84183,-1.9418259,101.08314,-2.683136,95.751427,1.7485733,99.722672,-1.622673,100.20658,-1.7065811,98.63221,-0.33220673
2014,04/01/2014,Apr,98.400002,,99.699997,99.5,99.599998,99,99,98.5,97.699997,98.300003,98.699997,,98.800003,,01-Apr-14,99.084602,0.61539459,100.19169,-0.69168854,100.34707,-0.74707031,102.32707,-3.3270721,100.96355,-1.9635468,101.22624,-2.7262421,95.93795,1.7620468,99.886383,-1.58638,100.35901,-1.6590118,98.78801,-0.38800812
2014,05/01/2014,May,98.5,,99.699997,99.5,99.5,99.099998,99.099998,98.400002,98,98.400002,98.699997,,98.900002,,01-May-14,99.160194,0.53980255,100.28445,-0.78445435,100.45952,-0.95951843,102.46496,-3.3649597,101.08134,-1.9813385,101.36472,-2.9647217,96.118454,1.881546,100.04481,-1.6448059,100.50652,-1.8065186,98.938782,-0.43878174
2014,06/01/2014,Jun,98.599998,,99.800003,99.599998,99.5,99.400002,99.099998,98.599998,98.099998,98.400002,98.800003,,99,,01-Jun-14,99.238304,0.56169891,100.38031,-0.78031158,100.57571,-1.0757141,102.60744,-3.2074356,101.20306,-2.1030579,101.50782,-2.9078217,96.304977,1.7950211,100.20851,-1.8085098,100.65894,-1.8589401,99.094582,-0.49458313
2014,07/01/2014,Jul,98.800003,,99.900002,99.599998,99.599998,99.199997,99.300003,98.699997,98.300003,98.599998,99,,99.099998,,01-Jul-14,99.313896,0.58610535,100.47308,-0.87307739,100.68816,-1.0881653,102.74532,-3.5453262,101.32085,-2.0208511,101.6463,-2.9463043,96.485481,1.8145218,100.36694,-1.7669373,100.80646,-1.8064575,99.245354,-0.44535065
2014,08/01/2014,Aug,98.900002,,99.900002,99.599998,99.699997,99.300003,99.199997,98.800003,98.5,98.699997,99.199997,,99.199997,,01-Aug-14,99.392014,0.50798798,100.56893,-0.96893311,100.80436,-1.1043625,102.8878,-3.5877991,101.44257,-2.2425766,101.7894,-2.9893951,96.672005,1.8279953,100.53064,-1.8306427,100.95889,-1.7588882,99.401154,-0.50115204
2014,09/01/2014,Sep,99,,99.900002,99.699997,99.800003,99.300003,99.300003,98.900002,98.699997,98.900002,99.199997,,99.199997,,01-Sep-14,99.470123,0.42987823,100.66479,-0.96479034,100.92056,-1.1205597,103.03028,-3.730278,101.56429,-2.2642899,101.9325,-3.0325012,96.858528,1.8414688,100.69435,-1.7943497,101.11131,-1.9113159,99.556953,-0.55695343
2014,10/01/2014,Oct,99.199997,,100,99.699997,99.699997,99.5,99.400002,99,99,99,99.400002,,99.400002,,01-Oct-14,99.545715,0.45428467,100.75755,-1.0575562,101.03301,-1.3330154,103.16817,-3.6681671,101.68208,-2.2820816,102.07098,-3.0709839,97.039032,1.960968,100.85278,-1.8527756,101.25882,-1.8588181,99.707733,-0.50773621
2014,11/01/2014,Nov,99.400002,,99.900002,99.800003,99.800003,99.699997,99.699997,99.300003,99.199997,99.400002,99.599998,,99.599998,,01-Nov-14,99.623825,0.27617645,100.85341,-1.0534058,101.14921,-1.349205,103.31065,-3.6106491,101.8038,-2.1038055,102.21408,-2.9140778,97.225555,1.9744415,101.01648,-1.616478,101.41125,-1.8112488,99.863533,-0.46353149
2014,12/01/2014,Dec,99.699997,,100,99.900002,100,99.800003,99.800003,99.699997,99.5,99.699997,99.800003,,99.800003,,01-Dec-14,99.699417,0.30058289,100.94617,-1.0461731,101.26166,-1.2616577,103.44853,-3.6485291,101.9216,-2.1215973,102.35256,-2.652565,97.406059,2.0939407,101.1749,-1.4749069,101.55876,-1.7587585,100.01431,-0.31430817
2015,01/01/2015,Jan,100,,100,100,100,100,100,100,100,100,100,,100,,01-Jan-15,99.777534,0.22246552,101.04203,-1.0420303,101.37786,-1.377861,103.59101,-3.591011,102.04332,-2.0433197,102.49566,-2.4956589,97.592583,2.4074173,101.33862,-1.3386154,101.71119,-1.7111893,100.1701,-0.17010498
2015,02/01/2015,Feb,100.2,,100,100,100,100.1,100.1,100.1,100.3,100.2,100.1,,100.1,,01-Feb-15,99.855644,0.14435577,101.13789,-1.137886,101.49406,-1.4940567,103.73349,-3.6334915,102.16504,-2.0650406,102.63876,-2.538765,97.779106,2.5208969,101.50232,-1.3023224,101.86362,-1.7636185,100.3259,-0.1259079
2015,03/01/2015,Mar,100.4,,100.1,100,100,100.1,100.2,100.3,100.6,100.3,100.2,,100.2,,01-Mar-15,99.926193,0.17380524,101.22447,-1.224472,101.59901,-1.5990067,103.86218,-3.7621841,102.27498,-2.0749817,102.76801,-2.4680099,97.947578,2.65242,101.65018,-1.3501816,102.00129,-1.8012924,100.46662,-0.066619873
2015,04/01/2015,Apr,100.6,,100.2,100.1,100.1,100.5,100.4,100.6,100.9,100.6,100.4,,100.4,,01-Apr-15,100.00431,0.19568634,101.32033,-1.2203293,101.71521,-1.6152115,104.00466,-3.5046616,102.3967,-1.9966965,102.91111,-2.3111115,98.134102,2.7658997,101.81389,-1.2138901,102.15372,-1.7537155,100.62242,-0.022422791
2015,05/01/2015,May,100.9,,100.3,100.1,100.2,100.7,100.6,100.8,101.5,100.7,100.5,,100.5,,01-May-15,100.0799,0.2201004,101.41309,-1.3130951,101.82766,-1.6276627,104.14255,-3.4425507,102.51449,-1.9144897,103.04959,-2.249588,98.314606,3.1853943,101.97231,-1.272316,102.30123,-1.8012314,100.7732,0.12680054
2015,06/01/2015,Jun,101.1,,100.3,100.1,100.2,100.8,100.8,101.2,101.8,100.9,100.6,,100.7,,01-Jun-15,100.15801,0.14199066,101.50895,-1.4089508,101.94386,-1.7438583,104.28503,-3.4850235,102.63621,-1.8362045,103.19269,-1.992691,98.501129,3.2988739,102.13602,-1.2360153,102.45366,-1.8536606,100.92899,0.17100525
2015,07/01/2015,Jul,101.2,,100.3,100.2,100.4,101,101,101.3,102,101,100.6,,100.8,,01-Jul-15,100.2336,0.066398621,101.60172,-1.4017181,102.0563,-1.6563034,104.42291,-3.4229126,102.75401,-1.7540054,103.33118,-2.0311737,98.681633,3.318367,102.29445,-1.2944489,102.60117,-2.0011673,101.07977,0.120224
2015,08/01/2015,Aug,101.6,,100.4,100.4,100.6,101.1,101.1,101.4,102.7,101.3,100.9,,101,,01-Aug-15,100.31171,0.088287354,101.69757,-1.2975693,102.17251,-1.5725098,104.56539,-3.4653931,102.87572,-1.7757263,103.47427,-2.0742722,98.868156,3.8318405,102.45815,-1.1581497,102.75359,-1.8535919,101.23557,0.36442566
2015,09/01/2015,Sep,101.8,,100.4,100.4,100.6,101.4,101.2,101.6,102.8,101.6,101,,101.2,,01-Sep-15,100.38983,0.010169983,101.79343,-1.393425,102.2887,-1.6887054,104.70787,-3.307869,102.99744,-1.7974472,103.61737,-2.0173721,99.05468,3.7453232,102.62186,-1.0218582,102.90602,-1.9060211,101.39137,0.40863037
2015,10/01/2015,Oct,102,,100.4,100.6,100.7,101.6,101.3,101.9,103,101.8,101.1,,101.3,,01-Oct-15,100.46542,-0.065422058,101.88619,-1.2861938,102.40115,-1.7011566,104.84576,-3.2457581,103.11523,-1.8152313,103.75585,-1.8558502,99.235184,3.7648163,102.78028,-0.98027802,103.05353,-1.9535294,101.54214,0.45785522
2015,11/01/2015,Nov,102.2,,100.6,100.8,100.8,101.9,101.4,102.3,103.3,102.1,101.3,,101.6,,01-Nov-15,100.54353,0.056465149,101.98205,-1.182045,102.51735,-1.7173462,104.98824,-3.0882339,103.23695,-1.8369522,103.89895,-1.5989456,99.421707,3.8782959,102.94399,-0.84399414,103.20596,-1.9059525,101.69794,0.50205231
2015,12/01/2015,Dec,102.3,,100.6,100.9,100.8,102,101.6,102.5,103.4,102.5,101.1,,101.7,,01-Dec-15,100.61913,-0.019126892,102.07481,-1.1748123,102.62981,-1.8298035,105.12612,-3.1261215,103.35475,-1.7547531,104.03744,-1.5374374,99.602211,3.7977905,103.10242,-0.60241699,103.35347,-2.2534714,101.84872,0.45128632
2016,01/01/2016,Jan,102.7,,100.9,101,101.2,102.3,101.8,102.9,103.9,102.9,101.3,,102,,01-Jan-16,100.69724,0.20276642,102.17067,-1.1706696,102.746,-1.5460052,105.2686,-2.9685974,103.47647,-1.6764679,104.18053,-1.2805328,99.788734,4.1112671,103.26612,-0.36611938,103.5059,-2.2058945,102.00452,0.69548035
2016,02/01/2016,Feb,102.9,,100.9,101,101.3,102.5,101.9,103.2,104.1,103.1,101.5,,102.2,,01-Feb-16,100.77535,0.12464905,102.26653,-1.2665329,102.8622,-1.5621948,105.41108,-2.9110794,103.59819,-1.6981888,104.32363,-1.1236343,99.975258,4.1247406,103.42982,-0.32982635,103.65833,-2.1583252,102.16032,0.73968506
2016,03/01/2016,Mar,103.1,,100.9,101.1,101.3,102.8,102.1,103.3,104.4,103.3,101.8,,102.4,,01-Mar-16,100.84842,0.051582336,102.3562,-1.2562027,102.9709,-1.6708984,105.54436,-2.7443619,103.71205,-1.6120529,104.4575,-1.1574936,100.14974,4.2502594,103.58297,-0.28296661,103.80092,-2.0009155,102.30606,0.79393768
2016,04/01/2016,Apr,103.4,,101,101.2,101.4,103.2,102.2,103.6,104.7,103.7,101.9,,102.6,,01-Apr-16,100.92654,0.07346344,102.45206,-1.2520599,103.0871,-1.6870956,105.68684,-2.4868469,103.83377,-1.6337738,104.60059,-1.0005951,100.33627,4.3637314,103.74668,-0.046684265,103.95335,-2.0533447,102.46186,0.93814087
2016,05/01/2016,May,103.6,,101.1,101.3,101.4,103.1,102.3,104.1,104.8,104.1,102.1,,102.8,,01-May-16,101.00213,0.097869873,102.54482,-1.2448196,103.19955,-1.7995453,105.82473,-2.7247314,103.95157,-1.6515656,104.73908,-0.63908386,100.51677,4.2832336,103.90511,0.19489288,104.10085,-2.0008545,102.61263,0.98736572
2016,06/01/2016,Jun,103.7,,101.1,101.3,101.5,103.3,102.4,104.2,104.9,104.3,102.3,,102.9,,01-Jun-16,101.08024,0.019760132,102.64069,-1.340683,103.31575,-1.8157501,105.96721,-2.6672058,104.07329,-1.6732864,104.88218,-0.68218231,100.70329,4.1967087,104.06881,0.23119354,104.25328,-1.9532776,102.76843,0.93156433
2016,07/01/2016,Jul,103.8,,101.2,101.4,101.7,103.4,102.5,104.4,105,104.5,102.4,,103.1,,01-Jul-16,101.15583,0.044166565,102.73344,-1.3334427,103.4282,-1.7282028,106.10509,-2.7050934,104.19108,-1.6910782,105.02066,-0.62065887,100.8838,4.1162033,104.22723,0.27276611,104.40079,-2.0007935,102.91921,0.88079071
2016,08/01/2016,Aug,104.1,,101.3,101.5,102,103.6,102.9,104.7,105.3,104.7,102.9,,103.4,,01-Aug-16,101.23394,0.066062927,102.82931,-1.3293076,103.5444,-1.5443954,106.24757,-2.6475754,104.3128,-1.412796,105.16376,-0.46376038,101.07032,4.2296829,104.39095,0.30905151,104.55322,-1.6532211,103.07501,1.0249863
2016,09/01/2016,Sep,104.3,,101.4,101.7,102.1,103.7,103.1,104.7,105.5,105.1,103.2,,103.6,,01-Sep-16,101.31206,0.087944031,102.92516,-1.2251663,103.6606,-1.5606003,106.39005,-2.6900558,104.43452,-1.3345184,105.30686,-0.60686493,101.25684,4.2431564,104.55465,0.54534912,104.70565,-1.5056534,103.2308,1.0691986
2016,10/01/2016,Oct,104.5,,101.6,101.9,102.2,104,103.5,105.2,105.7,105.2,103.5,,103.8,,01-Oct-16,101.38765,0.21234894,103.01793,-1.1179276,103.77305,-1.5730515,106.52794,-2.5279388,104.55231,-1.0523148,105.44534,-0.24534607,101.43735,4.2626495,104.71307,0.48692322,104.85316,-1.353157,103.38158,1.1184158
2016,11/01/2016,Nov,104.7,,101.7,102,102.3,104.5,103.6,105.4,105.7,105.6,103.8,,104.1,,01-Nov-16,101.46576,0.23423767,103.11378,-1.1137848,103.88924,-1.589241,106.67042,-2.1704178,104.67403,-1.0740356,105.58844,-0.18843842,101.62387,4.0761261,104.87678,0.72322083,105.00558,-1.2055817,103.53738,1.1626129
2016,12/01/2016,Dec,104.9,,101.7,102.1,102.5,104.8,103.8,105.5,105.8,106,104,,104.3,,01-Dec-16,101.54135,0.15864563,103.20655,-1.1065521,104.00169,-1.5016937,106.8083,-2.0083008,104.79182,-0.99182129,105.72692,-0.22692108,101.80437,3.9956284,105.0352,0.96479797,105.1531,-1.1530991,103.68816,1.2118454
2017,01/01/2017,Jan,105.1,,101.7,102.2,102.7,105.2,104,106,106.1,106.3,104.2,,104.6,,01-Jan-17,101.61946,0.080535889,103.30241,-1.1024094,104.11789,-1.4178925,106.95078,-1.7507858,104.91354,-0.9135437,105.87002,0.12998199,101.9909,4.1091003,105.19891,1.1010895,105.30553,-1.1055298,103.84396,1.2560425
2017,02/01/2017,Feb,105.2,,101.8,102.3,102.8,105.3,104.2,106,106.1,106.5,104.3,,104.7,,01-Feb-17,101.69758,0.10242462,103.39826,-1.098259,104.23409,-1.4340897,107.09326,-1.7932587,105.03526,-0.83526611,106.01312,-0.013122559,102.17742,3.9225769,105.36262,1.1373825,105.45795,-1.1579514,103.99976,1.2002411
2017,03/01/2017,Mar,105.3,,101.7,102.4,102.9,105.4,104.2,106.3,106,106.7,104.4,,104.8,,01-Mar-17,101.76813,-0.068130493,103.48484,-1.0848389,104.33904,-1.4390411,107.22195,-1.8219528,105.1452,-0.94520569,106.14237,0.15763092,102.34589,3.6541061,105.51048,1.1895142,105.59563,-1.1956253,104.14047,1.1595306
2017,04/01/2017,Apr,105.4,,101.7,102.5,103.1,105.6,104.5,106.4,106.1,106.9,104.5,,105,,01-Apr-17,101.84624,-0.14624023,103.5807,-1.0807037,104.45525,-1.3552475,107.36443,-1.7644348,105.26692,-0.766922,106.28547,0.11453247,102.53242,3.5675812,105.67419,1.2258148,105.74805,-1.2480545,104.29627,1.1037292
2017,05/01/2017,May,105.5,,101.6,102.7,103.2,105.7,104.5,106.5,106.3,107.1,104.7,,105.1,,01-May-17,101.92183,-0.32183075,103.67346,-0.97346497,104.5677,-1.3676987,107.50232,-1.8023224,105.38472,-0.88471985,106.42395,0.076049805,102.71292,3.5870819,105.83261,1.2673874,105.89557,-1.1955719,104.44705,1.052948
2017,06/01/2017,Jun,105.6,,101.7,102.8,103.2,106,104.7,106.7,106.3,107.2,104.7,,105.2,,01-Jun-17,101.99995,-0.29994965,103.76933,-0.9693222,104.68389,-1.4838943,107.6448,-1.6447983,105.50644,-0.80644226,106.56705,0.13294983,102.89944,3.4005585,105.99632,1.2036743,106.048,-1.3479996,104.60285,0.99714661
2017,07/01/2017,Jul,105.8,,101.7,102.8,103.4,106.3,104.8,106.9,106.5,107.3,105,,105.4,,01-Jul-17,102.07554,-0.37554169,103.86209,-1.062088,104.79634,-1.3963394,107.78268,-1.4826813,105.62423,-0.82422638,106.70554,0.19446564,103.07995,3.4200516,106.15475,1.145256,106.1955,-1.1955032,104.75362,1.0463791
2017,08/01/2017,Aug,105.9,,101.7,102.9,103.7,106.5,105,106.9,106.5,107.4,105.1,,105.5,,01-Aug-17,102.15365,-0.45365143,103.95795,-1.0579453,104.91254,-1.2125397,107.92516,-1.4251633,105.74595,-0.74594879,106.84863,0.051368713,103.26647,3.2335281,106.31845,1.0815506,106.34793,-1.2479324,104.90942,0.9905777
2017,09/01/2017,Sep,106,,101.8,103.1,103.8,106.7,105.1,107.2,106.5,107.7,105.4,,105.7,,01-Sep-17,102.23176,-0.43175507,104.0538,-0.95380402,105.02874,-1.2287369,108.06764,-1.3676453,105.86767,-0.76766968,106.99173,0.20826721,103.453,3.0470047,106.48215,1.2178421,106.50036,-1.1003571,105.06522,0.93477631
2017,10/01/2017,Oct,106.1,,101.8,103.2,103.9,107.1,105.2,107.4,106.5,107.8,105.7,,105.9,,01-Oct-17,102.30735,-0.50734711,104.14657,-0.94657135,105.14119,-1.241188,108.20553,-1.1055298,105.98547,-0.78546906,107.13021,0.26979065,103.6335,2.8665009,106.64058,1.1594238,106.64787,-0.94787598,105.216,0.88400269
2017,11/01/2017,Nov,106.2,,101.7,103.3,103.9,107.3,105.5,107.6,106.4,108,106,,106.1,,01-Nov-17,102.38547,-0.68547058,104.24242,-0.94242096,105.25739,-1.3573837,108.34801,-1.0480042,106.10719,-0.60718536,107.27331,0.32669067,103.82002,2.5799789,106.80429,1.1957092,106.8003,-0.8003006,105.3718,0.82820129
2017,12/01/2017,Dec,106.2,,101.8,103.4,104,107.6,105.6,107.8,106.2,108.2,106.2,,106.2,,01-Dec-17,102.46106,-0.66105652,104.33519,-0.93518829,105.36983,-1.3698349,108.48589,-0.88589478,106.22498,-0.62497711,107.4118,0.38820648,104.00053,2.1994705,106.96272,1.2372818,106.94781,-0.74781036,105.52257,0.6774292
2018,01/01/2018,Jan,106.3,,101.8,103.5,104.1,107.8,105.8,108.1,106.3,108.2,106.4,,106.4,,01-Jan-18,102.53917,-0.73916626,104.43105,-0.93104553,105.48604,-1.3860397,108.62837,-0.82836914,106.34669,-0.54669189,107.55489,0.54510498,104.18705,2.1129532,107.12642,1.0735779,107.10023,-0.70023346,105.67837,0.62163544
2018,02/01/2018,Feb,106.4,,101.8,103.6,104.3,108,105.9,108.2,106.2,108.3,106.5,,106.5,,01-Feb-18,102.61728,-0.817276,104.5269,-0.92690277,105.60223,-1.3022308,108.77085,-0.77085114,106.46841,-0.56841278,107.69799,0.50200653,104.37357,1.8264236,107.29013,1.0098724,107.25266,-0.75266266,105.83417,0.56583405
2018,03/01/2018,Mar,106.4,,101.9,103.7,104.3,108.3,106.1,108.2,106.1,108.5,106.6,,106.6,,01-Mar-18,102.68784,-0.78783417,104.61349,-0.9134903,105.70719,-1.4071884,108.89954,-0.59954071,106.57835,-0.47835541,107.82724,0.37275696,104.54205,1.5579529,107.43799,1.0620117,107.39034,-0.79033661,105.97489,0.42510986
2018,04/01/2018,Apr,106.5,,101.8,103.8,104.4,108.5,106.2,108.4,106.1,108.7,106.7,,106.8,,01-Apr-18,102.76595,-0.96594238,104.70934,-0.9093399,105.82339,-1.4233856,109.04202,-0.54202271,106.70007,-0.50007629,107.97034,0.42966461,104.72857,1.3714294,107.6017,1.0982971,107.54276,-0.84276581,106.13069,0.36930847
2018,05/01/2018,May,106.6,,101.8,103.8,104.5,108.7,106.3,108.6,106.1,108.8,106.8,,106.9,,01-May-18,102.84154,-1.0415344,104.80211,-1.0021057,105.93584,-1.4358368,109.17991,-0.4799118,106.81787,-0.51786804,108.10883,0.49117279,104.90907,1.1909256,107.76012,1.0398788,107.69028,-0.89027405,106.28146,0.31853485
2018,06/01/2018,Jun,106.7,,101.9,103.9,104.7,108.9,106.4,108.7,106.1,108.8,106.9,,107,,01-Jun-18,102.91965,-1.0196457,104.89796,-0.99796295,106.05203,-1.3520355,109.32239,-0.42238617,106.93959,-0.53958893,108.25192,0.44807434,105.0956,1.0044022,107.92383,0.87617493,107.8427,-0.94270325,106.43726,0.26273346
2018,07/01/2018,Jul,106.8,,101.8,104,104.8,109.2,106.5,108.8,106.2,109,107,,107.1,,01-Jul-18,102.99524,-1.1952362,104.99073,-0.99073029,106.16448,-1.3644791,109.46027,-0.26027679,107.05738,-0.55738068,108.3904,0.4095993,105.2761,0.92389679,108.08225,0.9177475,107.99021,-0.99021149,106.58804,0.21196747
2018,08/01/2018,Aug,106.9,,101.9,104.1,105.1,109.4,106.7,109,106.3,109.1,107.3,,107.3,,01-Aug-18,103.07336,-1.1733551,105.08659,-0.98658752,106.28069,-1.180687,109.60275,-0.20275116,107.1791,-0.47910309,108.5335,0.46649933,105.46262,0.83737946,108.24596,0.85404205,108.14264,-0.84263611,106.74384,0.15616608
2018,09/01/2018,Sep,107,,101.9,104.1,105.4,109.9,106.9,109.3,106.3,109.2,107.4,,107.4,,01-Sep-18,103.15147,-1.2514648,105.18244,-1.0824432,106.39688,-0.99687958,109.74523,0.1547699,107.30082,-0.40081787,108.6766,0.62340546,105.64915,0.65085602,108.40967,0.79032898,108.29507,-0.89506531,106.89964,0.10036469
2018,10/01/2018,Oct,107.1,,102.1,104.2,105.5,110,107.1,109.3,106.3,109.2,107.6,,107.5,,01-Oct-18,103.22706,-1.1270599,105.27521,-1.0752106,106.50933,-1.0093307,109.88312,0.11688232,107.41862,-0.31861877,108.81509,0.48491669,105.82965,0.47035217,108.56809,0.6319046,108.44258,-0.8425827,107.05041,0.049591064
2018,11/01/2018,Nov,107.2,,102.1,104.3,105.7,110.2,107.4,109.4,106.3,109.3,107.6,,107.7,,01-Nov-18,103.30517,-1.2051697,105.37106,-1.0710602,106.62553,-0.92553711,110.0256,0.17440033,107.54034,-0.14033508,108.95818,0.44181824,106.01617,0.28382874,108.7318,0.56820679,108.59501,-0.99501038,107.20621,-0.006210327
2018,12/01/2018,Dec,107.4,,102.1,104.4,105.8,110.3,107.6,109.5,106.4,109.7,107.9,,107.9,,01-Dec-18,103.38076,-1.2807617,105.46383,-1.0638275,106.73798,-0.93798065,110.16348,0.13652039,107.65813,-0.058128357,109.09666,0.40333557,106.19668,0.20332336,108.89022,0.80977631,108.74252,-0.84251404,107.35698,0.043022156
2019,01/01/2019,Jan,107.4,,102.2,104.6,106,110.5,107.6,109.5,106.4,109.9,108.2,,108.1,,01-Jan-19,103.45888,-1.2588806,105.55968,-0.95968628,106.85418,-0.85417938,110.30596,0.19403839,107.77985,-0.17984772,109.23976,0.26023865,106.3832,0.016799927,109.05393,0.84606934,108.89494,-0.69494629,107.51278,-0.11277771
2019,02/01/2019,Feb,107.6,,102.1,104.8,106.2,110.6,107.8,109.6,106.5,110.1,108.4,,108.2,,01-Feb-19,103.53699,-1.4369888,105.65554,-0.85553741,106.97038,-0.77037811,110.44844,0.15155792,107.90157,-0.1015625,109.38286,0.2171402,106.56973,-0.069725037,109.21764,0.88236237,109.04737,-0.64736938,107.66858,-0.068580627
2019,03/01/2019,Mar,107.7,,102.2,104.9,106.3,110.8,107.8,109.8,106.6,110.2,108.5,,108.3,,01-Mar-19,103.60754,-1.4075394,105.74213,-0.84212494,107.07533,-0.77532959,110.57713,0.22286987,108.01151,-0.21150208,109.51212,0.28788757,106.7382,-0.13819885,109.3655,0.83449554,109.18505,-0.68505096,107.8093,-0.10930634
2019,04/01/2019,Apr,107.8,,102.2,105.1,106.3,110.9,108,109.8,106.7,110.4,108.6,,108.4,,01-Apr-19,103.68565,-1.4856567,105.83798,-0.7379837,107.19153,-0.89152527,110.71961,0.1803894,108.13322,-0.13322449,109.65521,0.14479065,106.92472,-0.22472382,109.52921,0.8707962,109.33748,-0.73748016,107.9651,-0.1651001
2019,05/01/2019,May,108,,102.3,105.2,106.4,111,107.8,109.9,107,110.4,108.9,,108.5,,01-May-19,103.76125,-1.4612427,105.93075,-0.73075104,107.30398,-0.90397644,110.8575,0.14250183,108.25102,-0.45101929,109.79369,0.10630798,107.10522,-0.10522461,109.68763,0.71237183,109.48499,-0.58498383,108.11588,-0.11587524
2019,06/01/2019,Jun,108.1,,102.4,105.3,106.6,111.3,108,110.1,107,110.5,109,,108.7,,01-Jun-19,103.83936,-1.4393539,106.0266,-0.72660065,107.42018,-0.8201828,110.99998,0.30002594,108.37274,-0.3727417,109.93679,0.16320801,107.29175,-0.29174805,109.85134,0.64865875,109.63741,-0.63741302,108.27168,-0.17167664
2019,07/01/2019,Jul,108.2,,102.5,105.4,106.7,111.4,108.1,110.2,107.2,110.7,109.2,,108.8,,01-Jul-19,103.91495,-1.4149475,106.11937,-0.71936798,107.53263,-0.83263397,111.13786,0.262146,108.49053,-0.39053345,110.07527,0.12472534,107.47225,-0.27225494,110.00977,0.69023132,109.78493,-0.58493042,108.42245,-0.22245026
2019,08/01/2019,Aug,108.3,,102.4,105.5,106.8,111.5,108.3,110.4,107.1,110.8,109.4,,108.9,,01-Aug-19,103.99306,-1.5930557,106.21523,-0.71522522,107.64883,-0.84882355,111.28034,0.2196579,108.61225,-0.31224823,110.21838,0.18162537,107.65878,-0.55877686,110.17347,0.62653351,109.93736,-0.53735352,108.57825,-0.27824402
2019,09/01/2019,Sep,108.4,,102.5,105.5,107.3,111.7,108.4,110.6,107.2,110.9,109.6,,109.1,,01-Sep-19,104.07117,-1.5711746,106.31108,-0.81108093,107.76502,-0.46501923,111.42282,0.2771759,108.73397,-0.33396912,110.36147,0.23852539,107.8453,-0.64530182,110.33717,0.56282806,110.08978,-0.48978424,108.73405,-0.33404541
2019,10/01/2019,Oct,108.6,,102.5,105.5,107.4,112.1,108.6,110.7,107.3,111.1,109.9,,109.3,,01-Oct-19,104.14677,-1.6467667,106.40385,-0.90384674,107.87747,-0.4774704,111.56071,0.53929138,108.85177,-0.25177002,110.49995,0.20004272,108.0258,-0.72579956,110.4956,0.60440063,110.23729,-0.3372879,108.88482,-0.28482056
2019,11/01/2019,Nov,108.7,,102.6,105.6,107.8,112.5,108.8,111,107.4,111.2,110.1,,109.5,,01-Nov-19,104.22488,-1.6248779,106.4997,-0.89970398,107.99368,-0.19367218,111.70319,0.79681396,108.97349,-0.1734848,110.64305,0.35694885,108.21233,-0.81232452,110.65931,0.54068756,110.38972,-0.28971863,109.04062,-0.34062195
2019,12/01/2019,Dec,108.9,,102.7,105.7,107.8,112.6,109,111.1,107.6,111.2,110.3,,109.6,,01-Dec-19,104.30047,-1.6004715,106.59247,-0.89247131,108.10612,-0.30612183,111.84106,0.75893402,109.09128,-0.091278076,110.78153,0.31846619,108.39283,-0.79283142,110.81773,0.38226318,110.53723,-0.23722839,109.19139,-0.29138947
2020,01/01/2020,Jan,109.1,,102.8,105.7,108.2,112.9,109.4,111.3,107.7,111.4,110.8,,109.8,,01-Jan-20,104.37858,-1.5785751,106.68832,-0.98832703,108.22232,-0.022323608,111.98355,0.9164505,109.213,0.18700409,110.92464,0.37536621,108.57935,-0.87935638,110.98144,0.41856384,110.68966,0.11034393,109.34719,-0.24719238
2020,02/01/2020,Feb,109.1,,102.8,105.8,108.2,113.1,109.5,111.4,107.7,111.4,110.9,,109.9,,01-Feb-20,104.4567,-1.6566925,106.78419,-0.98418427,108.33852,-0.13852692,112.12603,0.97396851,109.33472,0.1652832,111.06773,0.33226776,108.76588,-1.0658798,111.14514,0.25485992,110.84209,0.057914734,109.50299,-0.40299225
2020,03/01/2020,Mar,109.3,,102.9,105.9,108.4,113.3,109.5,111.5,107.9,111.4,111,,110,,01-Mar-20,104.52976,-1.6297607,106.87386,-0.97385406,108.44722,-0.047218323,112.25932,1.0406876,109.44859,0.05141449,111.2016,0.29840088,108.94036,-1.0403595,111.29829,0.10171509,110.98468,0.015319824,109.64874,-0.34873962
2020,04/01/2020,Apr,109.4,,102.9,106,108.5,113.5,109.9,111.7,108,111.5,111.4,,110.2,,01-Apr-20,104.60788,-1.7078781,106.96971,-0.9697113,108.56342,-0.063423157,112.40179,1.0982056,109.5703,0.32969666,111.3447,0.3553009,109.12688,-1.1268845,111.462,0.038002014,111.13711,0.26289368,109.80454,-0.40454102
2020,05/01/2020,May,109.6,,103.2,106.3,108.8,113.7,110.1,111.9,108.2,111.7,111.6,,110.4,,01-May-20,104.68347,-1.4834747,107.06248,-0.76247406,108.67587,0.12413025,112.53968,1.1603165,109.6881,0.41190338,111.48318,0.41682434,109.30739,-1.1073914,111.62042,0.079574585,111.28461,0.31538391,109.95531,-0.35531616
2020,06/01/2020,Jun,109.7,,103.3,106.4,108.9,113.9,110.2,111.9,108.3,111.7,111.8,,110.5,,01-Jun-20,104.76158,-1.4615784,107.15833,-0.7583313,108.79207,0.10793304,112.68216,1.2178421,109.80981,0.3901825,111.62628,0.27371979,109.49391,-1.1939087,111.78413,-0.084129333,111.43704,0.36296082,110.11111,-0.41111755
2020,07/01/2020,Jul,109.8,,103.4,106.5,109,114,110.4,112,108.3,111.8,111.9,,110.6,,01-Jul-20,104.83717,-1.4371719,107.2511,-0.75109863,108.90452,0.095481873,112.82005,1.1799545,109.92761,0.47238922,111.76476,0.23523712,109.67442,-1.3744125,111.94255,-0.14254761,111.58455,0.31545258,110.26189,-0.46188354
2020,08/01/2020,Aug,109.9,,103.5,106.7,109,114.2,110.6,112.1,108.5,111.9,112.1,,110.7,,01-Aug-20,104.91528,-1.4152832,107.34695,-0.6469574,109.02072,-0.020721436,112.96252,1.2374725,110.04933,0.55066681,111.90786,0.19213867,109.86094,-1.360939,112.10626,-0.20626068,111.73698,0.36302185,110.41769,-0.51768494
2020,09/01/2020,Sep,110.1,,103.7,106.9,109.2,114.6,110.9,112.2,108.6,112.1,112.3,,110.9,,01-Sep-20,104.9934,-1.2934036,107.44282,-0.54281616,109.13692,0.063079834,113.105,1.4949951,110.17105,0.7289505,112.05096,0.14904022,110.04746,-1.447464,112.26997,-0.16996765,111.8894,0.41059875,110.57349,-0.47348785
2020,10/01/2020,Oct,110.1,,103.7,107,109.7,114.7,111.1,112.4,108.2,112.3,112.5,,111.2,,01-Oct-20,105.06899,-1.3689957,107.53558,-0.5355835,109.24937,0.45063019,113.24289,1.4571075,110.28884,0.81115723,112.18944,0.21056366,110.22797,-2.0279694,112.42839,-0.12838745,112.03692,0.46308136,110.72426,-0.62425995
2020,11/01/2020,Nov,110.2,,103.8,107.2,109.6,115,111.3,112.4,108.5,112.2,112.7,,111.2,,01-Nov-20,105.1471,-1.3470993,107.63144,-0.43144226,109.36556,0.23443604,113.38537,1.6146317,110.41056,0.88944244,112.33254,0.067459106,110.41449,-1.9144897,112.59209,-0.39209747,112.18935,0.51065063,110.88006,-0.68006134
2020,12/01/2020,Dec,110.4,,104,107.3,109.6,115.2,111.4,112.7,108.6,112.4,113.1,,111.4,,01-Dec-20,105.22269,-1.2226944,107.72421,-0.42420197,109.47801,0.12198639,113.52325,1.6767426,110.52836,0.87164307,112.47102,0.22897339,110.59499,-1.9949951,112.75052,-0.35051727,112.33685,0.76314545,111.03083,-0.63082886
2021,01/01/2021,Jan,110.4,,104,107.6,109.7,115.4,111.4,112.7,108.6,112.5,113.2,,111.5,,01-Jan-21,105.3008,-1.3008041,107.82006,-0.22006226,109.59422,0.10578156,113.66573,1.7342682,110.65008,0.74992371,112.61412,0.085876465,110.78152,-2.1815186,112.91423,-0.41423035,112.48928,0.71071625,111.18663,-0.78662872
2021,02/01/2021,Feb,110.6,,104.3,107.8,109.9,115.6,111.5,112.9,108.5,112.6,113.5,,111.7,,01-Feb-21,105.37892,-1.0789185,107.91592,-0.11591339,109.71041,0.18959045,113.80821,1.7917862,110.7718,0.72820282,112.75722,0.14278412,110.96804,-2.4680405,113.07793,-0.47793579,112.64171,0.85829163,111.34243,-0.74243164
2021,03/01/2021,Mar,110.6,,104.3,108,110.1,115.7,111.6,113,108.5,112.7,113.8,,111.9,,01-Mar-21,105.44947,-1.1494675,108.00249,-0.002494812,109.81537,0.28462982,113.9369,1.763092,110.88174,0.71826172,112.88647,0.11353302,111.13651,-2.6365128,113.2258,-0.52580261,112.77939,1.0206146,111.48315,-0.88315582
2021,04/01/2021,Apr,110.7,,104.4,108.2,110.3,116.1,112.2,113.2,108.1,112.9,114,,112.1,,01-Apr-21,105.52758,-1.1275787,108.09835,0.10164642,109.93156,0.36843872,114.07938,2.0206146,111.00346,1.1965408,113.02957,0.17042542,111.32304,-3.2230377,113.3895,-0.48950195,112.93182,1.0681839,111.63895,-0.93895721
2021,05/01/2021,May,110.8,,104.6,108.4,110.5,116.5,112.5,113.6,108.1,113,114.2,,112.3,,01-May-21,105.60317,-1.0031738,108.19112,0.20888519,110.04401,0.45598602,114.21727,2.2827301,111.12125,1.3787537,113.16805,0.4319458,111.50354,-3.4035416,113.54793,-0.54792786,113.07932,1.1206741,111.78973,-0.98972321
2021,06/01/2021,Jun,111,,104.7,108.5,110.7,116.7,112.9,113.8,108.2,113.2,114.4,,112.5,,01-Jun-21,105.68129,-0.98129272,108.28698,0.21302032,110.16021,0.53978729,114.35975,2.3402481,111.24297,1.6570358,113.31115,0.48885345,111.69006,-3.4900665,113.71164,-0.51164246,113.23175,1.168251,111.94553,-0.94552612
2021,07/01/2021,Jul,111.1,,104.9,108.7,110.8,116.9,113,114.1,108.2,113.5,114.7,,112.8,,01-Jul-21,105.75688,-0.85688019,108.37974,0.32025909,110.27266,0.52734375,114.49763,2.4023666,111.36076,1.6392365,113.44963,0.65036774,111.87057,-3.6705704,113.87006,-0.37006378,113.37926,1.3207321,112.0963,-0.99629974
2021,08/01/2021,Aug,111.3,,105,109,111,117.3,113.1,114.4,108.1,113.7,115.1,,113,,01-Aug-21,105.83499,-0.83499146,108.4756,0.5243988,110.38886,0.61113739,114.64011,2.6598892,111.48248,1.6175156,113.59274,0.80726624,112.05709,-3.9570923,114.03377,-0.33377075,113.53169,1.568306,112.2521,-0.95209503
2021,09/01/2021,Sep,111.5,,105.4,109.3,111.2,117.7,113.4,114.8,108.3,113.9,115.4,,113.3,,01-Sep-21,105.9131,-0.51309967,108.57146,0.72854614,110.50506,0.69493866,114.78259,2.9174042,111.6042,1.7957993,113.73583,1.0641708,112.24361,-3.9436111,114.19747,-0.29747009,113.68412,1.7158813,112.4079,-0.90789795
2021,10/01/2021,Oct,111.8,,105.6,109.6,111.5,118.1,113.6,115.4,108.4,114.3,115.9,,113.7,,01-Oct-21,105.98869,-0.38869476,108.66422,0.93577576,110.61751,0.88249207,114.92048,3.1795197,111.72199,1.878006,113.87431,1.5256882,112.42412,-4.0241165,114.3559,-0.055900574,113.83163,2.0683746,112.55867,-0.75866699
2021,11/01/2021,Nov,112,,105.8,110,112,118.6,114.1,115.8,108.4,114.5,116.2,,114.1,,01-Nov-21,106.06681,-0.26680756,108.76008,1.2399216,110.73371,1.2662888,115.06296,3.5370407,111.84371,2.2562866,114.01741,1.7825928,112.61064,-4.21064,114.51961,-0.019607544,113.98405,2.2159424,112.71447,-0.71446991
2021,12/01/2021,Dec,112.3,,106.1,110.5,112.5,119,114.5,116.2,108.4,115,116.6,,114.5,,01-Dec-21,106.1424,-0.042404175,108.85284,1.6471558,110.84616,1.6538391,115.20084,3.7991638,111.96151,2.5384903,114.15589,2.0441055,112.79115,-4.3911438,114.67803,0.32196808,114.13157,2.4684296,112.86524,-0.56523895
2022,01/01/2022,Jan,112.6,,106.3,110.9,112.9,119.6,114.9,116.5,108.6,115.3,117.2,,114.9,,01-Jan-22,106.22051,0.079490662,108.9487,1.9513016,110.96236,1.937645,115.34332,4.2566757,112.08323,2.8167725,114.299,2.201004,112.97767,-4.3776703,114.84174,0.45826721,114.284,2.9160004,113.02104,-0.4210434
2022,02/01/2022,Feb,112.9,,106.6,111.2,113.2,119.9,115.1,116.8,108.8,115.6,117.4,,115.2,,01-Feb-22,106.29862,0.30137634,109.04456,2.1554413,111.07855,2.1214447,115.4858,4.4141998,112.20495,2.89505,114.44209,2.3579102,113.16419,-4.3641891,115.00545,0.59455109,114.43642,2.9635773,113.17684,-0.27684021
2022,03/01/2022,Mar,113.1,,106.8,111.5,113.4,120.2,115.3,117.1,108.9,115.9,117.7,,115.4,,01-Mar-22,106.36918,0.43082428,109.13113,2.368866,111.18351,2.2164917,115.61449,4.5855026,112.31489,2.9851151,114.57134,2.528656,113.33266,-4.432663,115.15331,0.74669647,114.5741,3.1259003,113.31757,-0.21756744
2022,04/01/2022,Apr,113.5,,107.1,111.9,113.8,120.8,115.6,117.4,109.3,116.2,118.2,,115.8,,01-Apr-22,106.44729,0.65270996,109.227,2.6730042,111.29971,2.5002975,115.75697,5.0430298,112.43661,3.1633911,114.71444,2.6855621,113.51919,-4.2191849,115.31702,0.88298035,114.72652,3.4734726,113.47337,0.026634216
2022,05/01/2022,May,113.9,,107.4,112.2,114,121.3,116,117.9,109.7,116.5,118.7,,116.2,,01-May-22,106.52288,0.87712097,109.31976,2.8802338,111.41216,2.5878448,115.89485,5.4051514,112.5544,3.4456024,114.85292,3.047081,113.69969,-3.9996948,115.47544,1.024559,114.87404,3.8259583,113.62414,0.27586365
2022,06/01/2022,Jun,114.2,,107.7,112.6,114.2,121.6,116.4,118.4,110.1,116.9,119,,116.6,,01-Jun-22,106.60099,1.0990067,109.41562,3.1843796,111.52836,2.6716385,116.03734,5.5626602,112.67612,3.7238846,114.99603,3.4039764,113.88622,-3.7862167,115.63914,1.2608566,115.02647,3.9735336,113.77994,0.4200592
2022,07/01/2022,Jul,114.6,,108,113,114.6,122,116.7,118.7,110.5,117.4,119.3,,116.9,,01-Jul-22,106.67658,1.3234177,109.50838,3.4916153,111.64081,2.9591904,116.17522,5.8247833,112.79391,3.9060822,115.13451,3.5654907,114.06672,-3.5667191,115.79757,1.6024323,115.17397,4.12603,113.93071,0.66928864
2022,08/01/2022,Aug,115,,108.2,113.5,115.1,122.6,117,119,110.9,117.6,120,,117.4,,01-Aug-22,106.7547,1.4452972,109.60424,3.8957596,111.757,3.3429947,116.3177,6.2823029,112.91563,4.0843658,115.2776,3.7223969,114.25324,-3.353241,115.96128,1.6387177,115.3264,4.6735992,114.08651,0.9134903
2022,09/01/2022,Sep,115.5,,108.6,114,115.7,123.3,117.6,119.5,111.3,117.9,120.5,,117.8,,01-Sep-22,106.83281,1.767189,109.7001,4.2999039,111.8732,3.8267975,116.46018,6.8398209,113.03735,4.562645,115.4207,4.0792999,114.43977,-3.1397629,116.12498,1.7750168,115.47883,5.0211716,114.24231,1.2576904
2022,10/01/2022,Oct,115.9,,109.1,114.5,116.1,123.8,118,120,111.6,118.3,120.9,,118.3,,01-Oct-22,106.9084,2.191597,109.79286,4.7071381,111.98565,4.1143494,116.59806,7.2019424,113.15514,4.8448563,115.55918,4.4408188,114.62027,-3.0202713,116.28341,2.0165939,115.62634,5.2736664,114.39308,1.5069199
2022,11/01/2022,Nov,116.4,,109.5,115.2,116.5,124.6,118.4,120.5,112.2,118.7,121.3,,118.8,,01-Nov-22,106.98651,2.5134888,109.88872,5.3112793,112.10185,4.3981476,116.74055,7.8594513,113.27686,5.1231384,115.70229,4.7977142,114.80679,-2.6067963,116.44711,2.2528839,115.77876,5.5212402,114.54888,1.85112
